,title,main
0,"농식품부, 영농정착지원금 받는 청년농업인 농외근로 제한 폐지","귀농귀촌·청년농업인 아카데미 굴삭기 운전 실습[농협 제주본부 제공]    (서울=연합뉴스) 전재훈 기자 = 농림축산식품부는 청년 농업인이 영농 정착 지원금 수령 여부와 무관하게 농외 근로를 할 수 있도록 개선했다고 23일 밝혔다.    농식품부는 청년 농업인 간담회에서 제기된 현장 요구사항을 반영해 이런 내용의 청년·후계농 육성 사업개선 사항을 발표했다.    당초 영농 정착 지원금을 받는 청년 농업인은 농한기를 활용한 연 5개월·월 100시간 미만의 단기 근로만 허용됐지만 이번 개선으로 영농활동을 유지하면 지원금 수령, 의무 영농과 무관하게 농외 근로를 할 수 있게 된다.    다만 농외 근로 시 영농활동을 증빙하기 위한 직불금 수령 내역과 영농사실 확인서, 농산물 수확·판매 실적 등을 관할 지방자치단체에 제출해야 한다.    아울러 농식품부는 지난해 청년 농업인, 후계농업경영인으로 지정된 이들을 대상으로 오는 24일부터 기존의 상시 배정 방식으로 후계농 육성 자금을 지원한다.    올해 선정된 이들은 하반기부터 자금 배정 평가 방식을 적용해 지원할 계획이다.    kez@yna.co.kr"
1,"이재용 뛰어넘나…조정호, 주식부자 1위 눈앞","국내 주식부자 1위 이재용과 격차 5%대로 좁혀져역대 최대 실적·적극적 주주환원으로 1년간 66% 상승조정호 “대주주 1주와 개인투자자 1주 가치 같아야”메리츠, 국내 금융지주 최초 '밸류업' 계획 발표[이데일리 원다연 기자] 실적 성장과 주주환원의 양 날개를 달고 메리츠금융지주(138040)의 주가가 가파른 상승세를 이어가며 국내 주식 부호 순위도 흔들고 있다. 조정호 메리츠금융지주 회장이 국내 주식부자 1위인 이재용 삼성전자(005930) 회장과의 주식평가액 격차를 5%대까지 좁히면서 조만간 순위가 뒤바뀔 것이란 전망이 나오고 있다. 23일 기업분석전문 한국CXO연구소에 따르면 조정호 회장의 주식가치는 지난주 마지막 거래일인 21일 기준 12조 2183억원으로 집계됐다. 조 회장의 주식평가액은 20일 12조 228억원으로 처음으로 12조원을 넘어선 데 이어 하루 만에 1955억원가량 불어났다. 이재용 회장의 주식 재산은 21일 기준 12조 9201억원으로, 전날(13조 1848억원)에서 하루 사이 2600억원 넘게 감소하며 12조원대로 내려앉았다. 이에 따라 조 회장과 이 회장의 주식평가액 격차는 5.4% 수준까지 좁혀졌다. 지난해 초만 해도 조 회장의 주식평가액 규모는 이 회장의 38.7% 수준에 불과했다. 조 회장의 주식평가액 규모가 이 회장을 바짝 따라잡은 것은 메리츠금융지주의 주가가 1년새 가파르게 상승한 영향이다. 최근 1년 사이 메리츠금융지주의 주가는 66.22% 급등하며 1년 전 7만원대였던 주가는 12만 5000원까지 뛰었다. 역대 최대 실적과 적극적인 주주환원 정책이 주가를 밀어 올렸다. 메리츠금융지주는 지난해 연결 당기순이익이 전년 대비 9.8% 늘어난 2조 3334억원으로 역대 최대 실적을 달성했다. 계열사별로 보면 메리츠화재의 별도 당기순이익이 전년 대비 9.2% 늘어난 1조 7105억원으로 역대 최대 이익을 경신했고, 메리츠증권도 1조 549억원으로 2022년 이후 2년 만에 ‘1조 클럽’에 복귀했다. 김용범 메리츠금융지주 부회장은 지난 19일 실적 발표 뒤 컨퍼런스콜을 통해 “올해도 안정적인 이익 성장이 전망된다”며 “2~3년 내에 연결 당기순이익이 3조원을 달성할 것으로 개인적으로 예상한다”고 밝혔다. 실적 성장과 함께 적극적인 주주환원 정책도 주가를 뒷받침하고 있다. 메리츠금융지주는 작년 7월 국내 금융지주 중 처음으로 밸류업(기업가치 제고) 계획을 발표했다. 메리츠금융지주는 밸류업 공시를 통해 2025년까지 순이익 50% 이상을 주주환원하고, 이후엔 내부투자와 주주환원 수익률을 비교한 뒤 주주가치 제고를 위한 최적의 자본배치를 추진하겠다고 밝혔다. 메리츠금융지주의 자사주 매입·소각과 현금 배당을 통한 지난해 주주환원율은 53.1%로 전년 대비 1.9%포인트 상승했다. 조 회장은 지난 2023년 “대주주의 1주와 개인 투자자의 1주는 동등한 가치를 가져야 한다”며 “우리의 모든 주주환원 행보의 기저에는 이런 생각이 있었다”고 밝힌 바 있다. 메리츠금융지주의 이같은 주가 상승 흐름이 이어지면 국내 주식 부호 1위가 이번 주 안에도 바뀔 수 있단 전망이 나온다. 증권가는 메리츠금융지주의 목표가를 올려잡고 있는 가운데 목표가는 최고 15만원까지 높아졌다. 안영준 키움증권 연구원은 “지속적인 자기주식 매입으로 주가 상승세가 이어지고 있으며 당분간 자기주식 중심의 주주환원을 유지할 계획”이라며 “내부적으로 강력한 실적 성장을 예상하고 있다고 밝혔는데 향후 실적으로 나타날 경우 예상 주주환원 규모 확대에 따른 추가적인 주가 상승을 기대해볼 수 있다”고 밝혔다. 



조정호 메리츠금융지주 회장. (사진=메리츠금융그룹)"
2,"삼성SDI, “각형 배터리가 답이다”…‘인터배터리 2025’서 차세대 제품·기술 공개","인터배터리 2025 삼성SDI가 국내 최대 규모 배터리 전시회 ‘인터배터리 2025’에 마련할 전시 부스 조감도. 삼성SDI 제공.  열 전파 차단 기술·초고출력 원통행 배터리 등 선보여삼성SDI가 국내 최대 규모 배터리 전시회 ‘인터배터리 2025’에서 자사가 개발한 각형 배터리를 집중적으로 조명한다.삼성SDI는 다음 달 5일부터 7일까지 사흘 간 서울 강남구 코엑스에서 열리는 인터배터리 2025에 참가한다고 23일 밝혔다. 산업통상자원부가 주최하고 한국배터리산업협회, 코엑스, 코트라 등이 공동 주관하는 인터배터리 2025는 지난 2013년 첫 개최 이후 올해 13회차를 맞는다.삼성SDI는 이번 전시에서 ‘배터리 기술로 업그레이드 되는 우리의 일상, 인셀리전트 라이프’라는 슬로건을 내걸고 다양한 차세대 배터리 제품과 혁신 기술을 선보인다.삼성SDI는 최근 상품화 적용 검토를 완료한 ‘열 전파 차단(No TP)’ 기술을 공개한다. No TP는 배터리 제품의 특정 셀에 문제가 발생했을 때 셀과 셀 사이에 적용된 안전 소재 등에 의해 다른 셀로 열이 전파되는 것을 물리적으로 막아주는 기술이다. 삼성SDI만의 독자적인 열전파 성능 예측 프로그램(TPc)을 통해 제품 기획 단계에서부터 열전파 방지를 위한 최적의 구조 설계가 가능하다.삼성SDI는 또 배터리 업계의 ‘게임체인저’로 일컬어지는 전고체 배터리의 개발 현황도 소개할 예정이다. 전고체 전지는 기존의 리튬이온 배터리에 적용되는 액체 전해질을 고체 전해질로 대체한 제품으로 화재 위험성이 낮아 안전성이 높고 수명이 길어 주행거리가 늘어나 ‘꿈의 배터리’로 불린다.삼성SDI는 이번 전시회에서 실물 크기의 차량 하부구조 목업(실물 크기의 전시 모형)에 탑 터미널 각형 배터리와 사이드 터미널 각형 배터리를 탑재한 셀투팩(배터리 모듈을 없애고 팩의 빈 공간에 배터리 셀을 더 많이 배치해 에너지 밀도를 높이는 기술) 컨셉 제품도 전시한다. 양극과 음극 단자가 상부에 위치한 탑 터미널 방식과 달리 사이드 터미널은 이를 측면에 배치해 에너지 밀도와 안전성을 더욱 향상시킨 것이 특징이다.



인터배터리 2025 삼성SDI가 국내 최대 규모 배터리 전시회 ‘인터배터리 2025’에 마련할 전시 부스 조감도. 삼성SDI 제공.  삼성SDI는 ‘50A급 초고출력 원통형 배터리’도 공개한다. 50A급 초고출력 원통형 배터리에는 전극의 끝부분을 여러 개의 탭으로 가공해 전류의 경로를 확장하는 ‘탭리스’ 디자인을 적용해 업계 최대 출력을 구현한 제품이다. 주요 사용처인 전동공구에 적용할 경우 기존 동일 용량 배터리에 비해 출력을 최대 40% 높일 수 있어 작업 효율성을 크게 향상할 수 있다.신재생 전력망을 안정적으로 지원하는 에너지저장장치(ESS) 제품인 ‘삼성 배터리 박스(SBB) 1.5’도 전시된다. SBB는 20ft 컨테이너 박스에 배터리 셀과 모듈, 랙 등을 설치한 제품이다. SBB 1.5는 설치 편의성과 함께 기존 SBB 1.0에 비해 안전성과 용량을 높였다. SBB는 미국과 유럽 시장에서 기술력을 인정받아 지난해 ‘인터배터리 2024’에서 최고혁신상을 받았다.삼성SDI는 자사 배터리가 탑재된 미래형 자율주행셔틀 ‘로이(ROii)’도 소개한다. 국내 1위 자율주행 스타트업인 오토노머스에이투지(A2Z)가 자체 개발한 로이는 운전석이 없는 레벨4 수준의 무인 자율주행 차량으로 최대 9명이 탑승할 수 있다. 이 차량에는 삼성SDI의 21700(지름 21㎜·높이 70㎜) 원통형 배터리 4000개가 탑재된다.삼성SDI 관계자는 ""이번 전시를 통해 배터리 기술로 업그레이드 되는 우리의 일상과 그것을 가능하게 하는 배터리 기술 경쟁력을 확인할 수 있을 것""이라고 밝혔다."
3,가상화폐 거래소서 무려 ‘2조원’ 털려…北 해커그룹 소행 추정,"피해규모 가상화폐 해킹사건중 역대 최대도난당한 이더리움, 바이비트 자산 9% 비트코인 등 가상화폐 일제히 하락



 가상화폐.[로이터 연합뉴스]세계 최대 가상화폐 거래소 중 한 곳인 바이비트(Bybit)에서 최근 해킹으로 2조원대에 달하는 역대 최악의 피해가 발생한 것으로 나타났다.바이비트의 대규모 해킹 소식에 주요 가상화폐들의 가격은 일제히 하락했다. 특히 비트코인은 한때 개당 9만 5000달러선 아래까지 급락했다.사건 배후에는 북한의 해킹 조직이 있는 것으로 지목되고 있다.21일(현지시간) 블룸버그 등에 따르면 가상화폐 거래소 바이비트가 해킹으로 14억6000만 달러(약 2조1000억원)의 코인을 탈취당했다.벤 저우 바이비트 최고경영자(CEO)는 이날 자신의 소셜미디어에 “바이비트의 오프라인 이더리움 지갑 중 하나를 탈취했다”고 밝혔다.블록체인 데이터 추적 플랫폼인 아캄 인텔리전스도 해당 소식을 전하며 “해킹된 자산이 새로운 주소로 이동하며 매각되고 있다”고 밝혔다.이날 바이비트에서 해킹당한 자금은 이더리움과 이더리움 파생상품으로 구성된 것으로 알려졌다.도난당한 이더리움은 바이비트 총자산의 약 9%에 해당하는 금액이다. 바이비트는 피해 복구를 위해 회수된 자금의 10%를 포상금으로 지급하겠다고 발표하기도 했다.이번 해킹은 지난 2014년 일본 거래소 마운트곡스(4억7000만 달러)와 2021년 중국 거래소 폴리네트워크(6억1100만 달러)의 피해를 넘는 역대 최대로 꼽힌다. 이 같은 사고 소식에 비트코인 가격은 9만5000달러가 붕괴됐고, 23일 오후까지 9만6000달러선에서 거래되는 약세장이 이어졌다.2018년 설립된 바이비트는 일일 평균 거래량이 360억 달러(약 51조7860억원)가 넘는 세계 최대 가상화폐 거래소 중 하나다. 한때 거래량 기준 바이낸스에 이어 세계 2위에 오르기도 했다.두바이에 본사를 두고 있으며 해킹 이전에 약 162억 달러의 자산을 보유하고 있었다.바이비트가 현상금을 걸면서 블록체인 분석가 잭엑스비티(ZachXBT)는 이번 사건이 북한의 해킹 조직 라자루스의 소행이라는 증거를 제공한 것으로 알려졌다.바이비트의 조사를 돕고 있는 블록체인 보안 기업 파이어블록스도 “지난해 발생한 인도 가상화폐 거래소 와지르X와 대출 프로토콜 라디언트 캐피털에 대한 공격과 유사하다”며 “두 사건 모두 북한 소행이었다”고 지적했다.북한 해커들은 와지르X에서 2억3490만 달러, 라디언트 캐피탈에서 5000만 달러 규모의 가상화폐를 해킹한 배후로 지목받고 있다. 북한은 최근 수년간 가상화폐 거래소 해킹으로 탈취한 가상화폐를 현금으로 세탁한 뒤 핵무기 개발 등에 사용하고 있다는 의혹을 받고 있다.지난달 한국과 미국, 일본은 공동성명을 내고 지난해 발생한 6억6000만달러(약 9600억원) 규모의 암호화폐 탈취가 북한의 소행이라고 발표한 바 있다."
4,“장본 거 정리해줘”…2대 로봇이 달걀은 냉장고에 쿠키는 주방 선반에 ‘척척’,"피규어AI의 최신 휴머노이드 로봇 ‘피규어02’가 치즈를 냉장고에 넣겠다고 판단, 냉장고에 가까이 있는 로봇에 치즈를 건네고 있는 모습. 피규어AI 유튜브 제공. 미국 휴머노이드 로봇 스타트업 피규어AI가 인간의 일상 언어를 이해하고 상반신 전체를 고속으로 연속 제어하는 로봇용 인공지능(AI)을 선보였다. 산업용 로봇보다 만들기 까다로운 가정용 로봇 기술 진화에 대한 기대감이 커지고 있다.피규어AI는 20일(현지 시간) 자사 유튜브에 로봇용 AI 모델인 ‘헬릭스(Helix)’를 적용한 로봇이 작동하는 내용의 영상을 공개했다. 헬릭스는 로봇이 주변을 보고, 이용자의 명령을 이해한 후 스스로 행동하는 ‘시각-언어-행동(VLA)’ 모델이다. 영상에는 피규어AI의 최신 휴머노이드 로봇 ‘피규어02’ 두 대가 주방에 나란히 서 있다.  사람이 장을 본 물건들을 주방 선반 위에 올려놓고 ‘물건들을 정리해줘’라고 말하자, 로봇은 선반 위의 물건들을 응시한 후 냉장고에 넣을 것과 수납 선반에 둘 것을 분류하며 정리하기 시작했다.  달걀·치즈는 냉장고에 넣고, 냉장 보관이 필요 없는 쿠키는 선반에 두는 식이다. 이 중 한 로봇이 치즈를 집어 냉장고에 더 가까이 서 있는 다른 로봇에게 물건을 건네는 식의 ‘협업’도 수행했다. 케첩은 냉장고 문 쪽에 수납하는 정교함도 보였다.휴머노이드 로봇은 산업용으로 주로 개발되어 왔지만, 향후 가사노동을 대신하는 가정용 로봇으로 빠르게 진화할 수 있는 가능성을 보여줬다는 것이 회사 측 설명이다. 피규어AI 측은 “통제된 산업 환경과 달리 가정은 섬세한 유리 제품, 구겨진 옷, 흩어진 장난감 등 셀 수 없이 많은 물건으로 가득 차 있어 로봇 공학의 가장 큰 과제였다”고 설명했다. 2022년 설립된 피규어AI는 테슬라와 함께 휴머노이드 로봇 기술에서 가장 앞선 것으로 평가받고 있다. 현재 395억 달러(약 57조 원)의 기업 가치를 인정받으며 투자를 유치하고 있다. 지난해 투자 유치에는 마이크로소프트(MS)와 오픈AI, 엔비디아, 아마존 창업자 제프 베이조스 등이 참여했다. 그간 챗GPT 개발사 오픈AI와 차세대 휴머노이드용 AI 모델 개발을 위해 협력해 왔지만 최근 협력 관계를 종료했다."
5,"'국평 40억' 족쇄 푼 강남 집값 불붙었다…""서울 전체 확산은 어려워""","강남3구 토지거래허가구역 해제 후 아파트값 평균 1억 상승



서울 송파구 롯데월드타워 서울스카이에서 바라본 서울 송파구 잠실 아파트단지 모습. 2025.2.13./뉴스1 ⓒ News1 박세연 기자(세종=뉴스1) 조용훈 기자 = 토지거래허가구역에서 벗어난 서울 강남3구(서초·송파·강남)의 아파트 매맷값 상승세가 가파르다. 주요 단지를 중심으로 신고가를 기록하는 사례가 나오는 가운데, 국민평형으로 불리는 전용면적 84㎡가 40억 원에 매매되기도 했다. 일각에서는 강남권 집값 과열이 서울 전역으로 번지기 쉽지 않다고 봤다.23일 부동산 전문 리서치업체 리얼투데이에 따르면 국토교통부 실거래가 자료(21일 기준)를 분석한 결과, 토지거래허가구역이 해제된 12일부터 20일까지 강남3구 아파트 평균 거래 가격은 24억 5139만 원으로 토지거래허가구역 해제 전인 이달 1일부터 11일까지(22억 6969만 원)보다 8.0%(1억 817만 원) 오른 것으로 나타났다.이는 토지거래허가구역 해제로 그동안 억눌렸던 강남3구의 매수세가 다시 살아났기 때문으로 풀이된다. 앞서 이달 12일 서울시는 강남구 삼성동·대치동·청담동과 송파구 잠실동에 위치한 아파트 305곳 중 291곳의 토지거래허가구역 지정을 해제했다.반면 같은 기간 강남3구를 제외한 나머지 22개 구의 평균 거래 가격은 9억 1859만 원으로, 평균 2.6%(2462만원) 하락했다.강남지역 아파트 매수심리도 살아나고 있다. 한국부동산원에 따르면 이달 17일 기준 강남지역 매매수급지수는 전주(99.9)보다 0.6포인트(p) 오른 100.5로, 9주 만에 다시 기준선을 돌파했다. 강남 3구가 속한 동남권은 한 주 새 1.3p(100.2→101.5) 상승하며 5주 연속 오름세를 이어갔다. 매매수급지수는 아파트 매매시장의 수요·공급 비중을 지수화한 것으로, 기준선(100)보다 수치가 높을수록 집을 '팔려는' 사람보다 '사려는' 사람이 더 많다는 의미다. 100보다 낮으면 그 반대를 뜻한다.



서울 송파구 한 부동산중개업소. 2025.2.21/뉴스1 ⓒ News1 박세연 기자토지거래허가구역 지정이 해제된 주요 단지에서는 연일 상승 거래가 쏟아지고 있다. 서울 송파구 잠실동 트리지움 전용 84㎡는 이달 17일 26억 원에 거래되며 6일 거래가(24억 8000만 원) 대비 1억2000만 원 올랐다. 바로 옆 리센츠 전용 84㎡ 역시 14일 한 주 만에 5000만원 오른 27억 5000만 원에 거래 신고됐다.특히 강남구 대치동 래미안대치팰리스는 이달 13일 직전 거래가(35억 5000만 원) 대비 12.7%(4억 5000만 원) 뛴 40억 원에 거래됐다.이 같은 집값 과열은 일시적 현상으로 분석됐다. 송승현 도시와경제 대표는 ""이번 토지거래허가구역 해제로 인한 영향은 강남권 등에서 주로 나타날 것""이라며 ""정책 효과가 숙성되면 시장 기대감도 사그라지면서 조정을 받을 가능성이 있다""고 말했다."
6,"‘동반 적자’ 배터리 3사, 신기술·신제품·신개념으로 돌파구 찾는다","전기차 판매 부진으로 지난해 4분기 사상 최초로 ‘동반 적자’를 기록한 LG에너지솔루션 등 국내 배터리 업체 ‘빅3’가 신기술과 신제품, 신개념으로 흑자 전환을 노린다.배터리 빅3는 도널드 트럼프 미국 대통령이 전기차 의무화 정책을 폐기하면서 전기차 판매 부진이 일시적 정체가 아닌 장기화할 조짐이 있고, 완성차 업체들도 전기차 생산량을 줄이고 있어 올해도 적자가 이어질 것을 우려하고 있다. 이 같은 위기 상황을 차세대 전고체 배터리와 신형 원통형 배터리, 최신 열 폭주 방지 기술 등으로 판매 부진에 대응한다는 전략이다.23일 업계에 따르면 LG에너지솔루션·삼성SDI·SK온 등 국내 배터리 3사는 다음달 5∼7일 열리는 국내 최대 배터리 전시회 ‘인터배터리 2025’에서 최신 기술과 제품을 선보인다.



LG에너지솔루션이 개발한 차세대 원통형 46시리즈. LG에너지솔루션 제공LG에너지솔루션은 이번 전싱서 차세대 원통형 배터리 46시리즈를 공개한다. 회사는 이날 공식 유튜브와 링크트인 채널을 통해 46시리즈의 티저 영상을 올렸다. LG에너지솔루션이 공식적으로 46시리즈를 선보이는 것은 이번이 처음이다.46시리즈는 현재 전기차에 적용 중인 2170(지름 21㎜ · 길이 70㎜) 원통형 배터리보다 에너지 용량과 출력이 6배 이상인 것으로 전해졌다. 배터리팩 구조도 간단해 셀 수를 줄이면서도 높은 에너지 효율성을 제공할 수 있다는 게 회사 측 설명이다.보통 2170 배터리의 경우 차량 1대에 4500개의 셀이 필요하지만, 4680 크기의 경우 750개만 넣으면 같은 에너지를 낼 수 있다. 배터리 내부의 폭발 에너지를 외부로 빠르게 배출시켜 셀의 저항을 줄임과 동시에 안전성, 연쇄 발화 방지 안전성을 확보한 것도 특징이다.SK온은 원통형 실물 모형을 처음으로 공개하는 등 3대 폼팩터(파우치형·각형·원통형)를 모두 전시한다. 또 각형 배터리는 양방향에 이어 단방향 모델도 내놓고, 각형 배터리에 적용된 Z-폴딩 스태킹 기술 및 급속충전 솔루션도 소개한다. SK온은 케미스트리(양극·음극 소재)를 달리한 제품들도 선보일 예정이다. 가격경쟁력, 성능, 수명, 안정성을 고루 갖춘 고전압 미드니켈 배터리도 처음 공개한다.미드니켈 배터리는 NCM(니켈∙코발트∙망간) 양극 소재에서 니켈 함량이 50~70%인 배터리를 말한다. 고에너지밀도의 하이니켈 배터리와 가격경쟁력과 열안정성을 지닌 LFP(리튬∙인산∙철) 배터리의 균형 잡힌 특성을 보여 ‘가성비’를 선호하는 현 시장 트렌드와 잘 맞는 제품으로 평가받고 있다.



‘인터배터리 2025’ SK온 부스 조감도. SK온 제공SK온은 배터리 안전과 관련된 최신 기술도 선보인다. 기존 설계 개념과 달리 배선이 필요 없는 차세대 무선 BMS(Battery Management System)도 공개한다. 배터리 셀 탭에 부착된 무선 칩이 수집한 정보를 모듈의 안테나가 BMS에 무선으로 전송하는 방식이다.삼성SDI는 최근 상품화 적용 검토를 완료한 ‘열전파 차단(No TP)’ 기술과 전고체 배터리(ASB), 셀투팩 제품 등을 선보인다. No TP는 배터리 특정 셀에 문제가 생기면 다른 셀로 열이 전파되는 것을 막아주는 기술이다.전기차 등에 사용될 경우 대변혁이 예상되는 전고체 배터리 개발 현황도 소개한다. 전고체 배터리는 고체 전해질을 사용해 안정성이 높고 화재 위험성은 낮아 ‘꿈의 배터리’로 불린다. 삼성SDI는 지난해 말 일부 고객에게 샘플을 공급했으며 2027년 상용화를 목표로 삼고 있다. 삼성SDI는 ‘50A급 초고출력 원통형 배터리’도 선보인다."
7,“토지거래허가 해제에 집도 안보고 계약”…강남구 평균거래가 8% 껑충,"부동산 시장이 전반적으로 침체한 가운데 서울시가 지난 12일 아파트 수요가 몰리는 송파구 잠실동, 강남구 삼성·대치·청담동 일대의 토지거래허가구역 지정을 해제했다. 사진은 13일 서울 송파구 한 부동산에 부동산 매매 관련 안내문이 붙어 있다. [사진 = 연합뉴스]부동산 시장이 전반적으로 침체한 가운데 토지거래허가구역 해제 이후 강남 아파트가 꿈틀거리고 있다.23일 리얼투데이가 국토교통부 실거래가(21일 기준) 자료를 분석한 결과에 따르면 토지거래허가 구역이 해제된 12일부터 20일까지 강남3구(서초·송파·강남)의 아파트 평균 거래가격은 24억5139만원으로 해제 전인 1∼11일(22억6969만원)보다 8.0% 급등했다.같은 기간 강남3구를 제외한 나머지 22개 구의 평균 거래가격은 9억1859만원으로 2.6%(2462만원) 떨어졌다.서울 전체 평균 거래가는 11억1828만원으로 1.6%(1773만원) 하락했다.이달 1∼20일 기준으로 보면 강남3구 평균 거래가격(23억1119만원)은 전월 동기(22억6472만원) 대비 2.1% 올랐다.같은 기간 나머지 22개 자치구의 평균 거래가는 6.2%, 서울 전체 아파트 평균 거래가는 8.2% 각각 내렸다.대출 규제와 정국 불안정 등의 영향으로 부동산 시장에는 한파가 덮쳤지만 강남3구는 토지거래허가구역 해제 후 상승하고 있다.해제 이전에도 상승세를 보이긴 했지만 12일을 기점으로 동반 하락 지역은 물론 동반 상승하던 지역과도 격차를 벌리고 있다.강남3구와 나머지 자치구 22개의 가격 차를 보면 이달 1∼11일 평균 13억2648만원이던 격차는 12∼20일 15억3280만원으로 15.6%(2억632만원) 확대됐다.



 강남 대치동 학원가 모습. [사진 = 연합뉴스]이 같은 현상은 한국부동산원의 주간 집값 통계에서도 잘 나타난다.이달 셋째 주 기준으로 아파트 가격이 가장 많이 오른 곳은 송파(0.22%포인트), 강남(0.19%포인트), 서초(0.07%포인트)로 집계됐다. 이들 지역은 동반 상승세를 타던 마포(0.0%포인트), 광진(0.04%포인트) 등과도 상승 폭에서 차이를 벌렸다.반면 동대문(-0.05%), 노원·도봉(각각 -0.04%), 금천·구로(각각 -0.01%) 등은 더 하락했다.실제 거래는 송파구의 경우 ‘엘리트’(잠실엘스, 리센츠, 트리지움)를 중심으로 호가가 급등하고 있다.84㎡ 타입 기준으로 트리지움은 지난 17일 26억원에 계약이 체결돼 지난 6일(24억8000만원)보다 1억2000만원 올랐다.리센츠는 8일 27억원에 계약됐지만 14일에는 5000만원 오른 27억5000만원을 기록했다.강남구도 지난해 12월 35억5000만원에 매매가 성사된 래미안대치팰리스가 이달 13일에 4억5000만원 오른 40억원에 계약을 체결했다."
8,땅주인이면 ‘하늘’도 사고팔 수 있나…서울시 ‘용적률 거래제’ 도입 추진,"서울 용산구 남산 고도지구 전경. 용산구 제공서울시가 올해 상반기 중 ‘서울형 용적이양제’ 도입을 추진한다. 용적률 규제를 받는 사업지에서 남은 용적률을 다른 사업지에 팔 수 있는 제도를 만들겠다는 것이다. 국내에는 용적률이 토지주가 소유권을 행사할 수 있는 권리인지에 대한 명확한 국내 규정이 없어 논란이 예상된다.서울시는 지난 2011년에 용적이양제를 추진했으나, 오세훈 당시 시장의 자진사퇴로 계획이 전면 백지화된 바 있다. 결국 14년만에 재추진하는 셈이다.서울시가 추진하는 용적이양제(TDR·Transfer of Development Rights)는 문화유적지 등을 개발할 때 고도제한 등 규제로 원래 받을 수 있는 용적률보다 낮은 용적률을 받았을 경우 남는 용적률을 다른 사업자에게 넘길 수 있도록 한다는 게 주요 골자다.서울시는 올해 상반기 중 제도의 개념과 절차, 관리방안 등을 담은 ‘서울특별시 용적이양제 운영에 관한 조례’ 제정을 위한 입법예고를 추진하고, 하반기부터 ‘서울형 용적이양제’ 본격 시행에 들어간다고 23일 밝혔다.서울시는 “국내 처음으로 도입되는 ‘서울형 용적이양제’는 국토의계획 및 이용에 관한 법률(국토계획법)에 따라 용도지역별 용적률이 정해져 있음에도 다른 법에서 정한 추가적인 밀도제한을 중복적용 받은 지역의 미사용 용적을 다른 지역으로 넘길 수 있도록 하는 제도”라고 설명했다.고도지구, 경관지구, 문화재·학교 주변 지역, 구릉지 등은 용적률를 완화해도 각종 고도규제로 용적률 상한선을 채우지 못한다. 남산 고도지구, 북한산 고도지구, 경복궁 고도지구, 사대문안 원도심 고도지구 등이 대표적인 용적률 규제지역에 해당한다. 일반 정비사업지 내에서도 학교 주변 단지의 경우 학교의 일조권 보장을 이유로 아파트 고도가 제한된다.서울형 용적이양제 14년만 재추진서울시는 고도제한지역 내 용적률 제한 규제를 완화하는 것이 현실적으로 어려운 만큼 ‘쓰지 못한 용적률’을 사고 팔 수 있는 제도를 만들겠다는 취지다.예를 들어 일본 도쿄 마루노우치에 위치한 ‘신마루노우치 빌딩’ ‘그랑도쿄’ 등 6개 빌딩은 문화재로 지정돼 있는 도쿄역의 용적률을 사들여 고층으로 건설된 곳이다. 신마루노우치 빌딩은 용적률 1760% 적용을 받아 38층 고층으로 지어졌으며, 그랑도쿄는 용적률 1300%를 적용받아 43층 초고층으로 건설됐다.서울시는 “제도 도입 초기인 만큼 ‘양도지역 선정기준’은 문화유산 주변지역, 장애물 표면 제한구역 등 장기적으로도 규제완화가 어려운 곳 위주로 선정할 것”이라고 밝혔다.



일본 도쿄 신마루노우치 빌딩 전경. 구글맵문제는 용적률이 토지주가 소유권을 행사할 수 있는 권리인지에 대한 명확한 국내 규정이 없다는 점이다. 용적률은 국토계획법 및 시행령에 따라 용도 지역별로 용적률 상한이 정해진다. 지자체는 조례개정을 통해 개별 용적률을 정할 수 있다. 정부와 지자체에 지정권한이 있는 만큼 개인이 소유권을 주장할 수 있는 대상에 포함된다고 보기 어려운 부분이 있다.또 용적률 거래가 공공기여를 축소하는 역할을 할 우려도 있다. 통상 정비사업에서는 건물의 용적률 완화 인센티브를 제공하면 사업자는 용적률 완화에 따른 이득 일부를 공원, 문화시설, 임대주택 등을 짓는데 활용하는 공공기여를 해야 한다. 그러나 용적률 거래가 허용될 경우 용적률을 사들이는 사업자는 해당 사업지 내에 별도의 공공기여를 하지 않고 용적률 완화 혜택을 볼 가능성도 배제하기 어렵다.서울시는 이같은 ‘서울형 용적이양제’의 국민적 공감대 형성 및 합리적 실행모델 모색을 위해 오는 25일 오후 2시 서울시청 서소문청사 13층에서 도시정책 컨퍼런스를 연다. 또 제도안착을 위해 선도지역을 선정, 서울형 용적이양 선도사업을 시범 추진한다는 계획이다."
9,"최태원 ""트럼프 정부, '보조금 정책' 리뷰 기대...4월쯤 큰 그림 나올 듯""","""한미 시너지 낼 빅 프로젝트 만들어야""""대미 투자 검토하겠지만 인센티브 필요""""인공지능은 미국에 투자하는 게 훨씬 유리"" 



◆…최태원 SK그룹 회장 겸 최종현학술원 이사장이 지난 22일 미국 워싱턴 DC 샐러맨더 호텔에서 열린 AI 관련 특별연설 하고 있다. 2025.2.23 사진=연합뉴스   도널드 트럼프 2기 행정부 출범 이후 처음으로 민간 경제사절단을 이끌고 미국을 찾은 최태원 SK그룹 겸 대한상공회의소 회장이 인센티브가 있다면 미국에 대한 추가 투자를 검토할 수 있다고 밝혔다.   23일 연합뉴스에 따르면 최 회장은 지난 21일(현지시간) 워싱턴 DC의 한 호텔에서 최종현학술원 주최로 열린 '2025 트랜스퍼시픽 다이얼로그'(TPD) 행사장에서 취재진과 만나 ""대미 투자 계획 검토는 계속할 것이다. 비즈니스라는 게 필요한 투자를 하는 것은 당연하다""고 말했다.   최 회장은 이어 ""어느 기업도 '트럼프 시기에 얼마를 하겠다'고 생각하며 다가가지 않고, 이게 내 장사에 얼마나 좋으냐 나쁘냐를 얘기한다""며 ""트럼프 행정부는 미국에 생산 시설을 좀 더 원한다고 얘기하지만, 우리는 인센티브가 같이 있어야 한다""고 말했다.   그러면서 최 회장은 미국이 내놓을 인센티브에 대해선 지켜보겠다는 입장이다. 그는 ""(미국이) 세금도 내리겠다고 얘기를 하는데 아직은 뭐가 나온 게 없다""며 ""좀 더 지켜봐야 계획을 짜거나 무언가를 반영을 시킬 수 있는데 지금은 나온 게 없다""고 일축했다.   그는 이어 ""(인센티브가) 꼭 돈만 갖고 따지는 게 아닐 수 있다""며 ""한국과 미국이 같이 해서 서로 좋은 것을 하는 게 지금 필요하다. 같이 활동해서 서로 시너지를 얻는 빅 프로젝트를 만들어서 해야 한국도 지금 같은 트렌드 파도에 잘 탈 수 있다""고 덧붙였다.   미국이 투자처로서 매력적이지 않을 수 있다는 지적엔 ""산업 분야마다 상황이 다 다르다""며 ""솔직히 인공지능(AI) 분야 등은 다른 데 투자하는 것보다 미국에 투자하는 게 훨씬 좋을 수 있다""고 반박했다.   반도체법에 따라 전임 바이든 정부에서 지급하기로 한 보조금 폐지 움직임과 관련해선 ""내가 얘기할 건 아닌데 (이번 방미 기간에 만난 미국) 정계 인사 중 한 분이 '그것은 계속 집행이 잘 될 것이다. 그런 정책이 미국에게 좋은 건데 그걸 왜 안 하느냐'고 얘기했다""며 ""실제로 (보조금 지급은) 자기네 실리를 따져서 하겠다고 생각한 것이다. 무조건 '준다, 안 준다'로 가지는 않을 것""이라고 관측했다.   그러면서 ""(트럼프 정부가) 다시 리뷰를 할 것으로 본다. 최소한 4월쯤이면 무엇인가를 발표한다고 하니 좀 기다려보자""고 덧붙였다.   앞서 전임 조 바이든 정부는 지난해 SK하이닉스에 최대 4억5800만달러(약 6600억원)의 보조금을 제공하는 반도체 지원을 최종 확정했다. 하지만 트럼프 행정부가 반도체 보조금 정책을 재검토하겠다고 밝히면서 보조금 수령 여부조차 불확실해진 상황이다.   글로벌 파운드리(반도체 위탁생산) 1위인 대만 TSMC에 미국 인텔 공장 인수 타진을 압박한다는 소식에 대해선 ""압박을 한다? 나는 그렇게 안 보인다""라고 선을 그었다.   이번 민간 경제사절단의 방미 성과를 묻자 ""가능하면 그들(미국 측)이 흥미로워할 얘기를 한다는 게 계획이었고 그런 측면에서 성과가 있었다""며 ""같이 해서 서로 좋은 얘기가 있어야 되는 것을 준비했고 (미국 측이) 6개 분야(조선·에너지·원자력·AI반도체, 모빌리티·소재부품장비)를 상당히 좋아한다는 생각이 든다""고 긍정적인 평가를 했다.   그는 미국과 관세 협상에 나설 때 한국 정부에 전달할 당부 사항이 있느냐는 질문에는 ""잘 전해드리도록 하겠다. 그리고 협상은 잘해야 한다""고 답했다."
10,"SK하이닉스, 내달 인텔 낸드사업부 인수 완료","인텔에 2차 잔금 22억 달러 지급2020년 사업 다각화 목적 인수 결정



SK하이닉스가 인수한 인텔 낸드 사업부의 중국 다롄 공장 전경. 서울경제DB[서울경제] SK하이닉스(000660)가 다음 달 인텔 낸드 사업부 인수 작업을 마무리하고 사업 전권을 넘겨받는다. 지난해 낸드 부문에서 사상 최대 실적을 올린 SK하이닉스는 중국 공장 등 핵심 자산에 대한 지배력을 온전히 확보해 글로벌 낸드 시장 공략을 가속화한다.23일 반도체 업계에 따르면 SK하이닉스는 다음 달 중 인텔 낸드 사업부 인수를 위한 2차 계약 잔금 22억 3500만 달러를 지급한다. SK하이닉스는 낸드 설계자산(IP)과 연구개발(R&D) 및 생산시설 인력 등을 포함한 법적 소유권을 최종 획득하게 된다.SK하이닉스는 2020년 10월 D램에 집중된 사업 포트폴리오를 다각화하려 인텔의 낸드 사업부 인수를 결정했다. 총 인수금액은 88억 4400만 달러로 국내 기업 M&A로 최대 규모다. 인수 1단계 종결 시점인 2021년 말 66억 900만 달러를 납입했고 솔리드스테이트드라이브(SSD) 사업 부문 등을 이전 받았다.SK하이닉스가 인텔 낸드 사업부를 인수한 것은 기업용 SSD 시장에서 시장 점유율을 확대하려는 포석이다. 인텔은 삼성전자(005930)에 이은 글로벌 2위 낸드 사업자였다. 상대적으로 낸드 부문 경쟁력이 약했던 SK하이닉스는 2위인 인텔 사업부를 인수하며 단숨에 삼성과 양강 체제를 구축했다. SK하이닉스는 최종 인수 절차를 끝내 인공지능(AI)을 발판으로 급성장하는 낸드 시장에서 입지를 강화할 계획이다. 최근 구글·메타 등 빅테크들의 데이터센터 투자가 확대되는 등 AI 시장이 급성장해 SK가 강점을 보유한 고대역폭메모리(HBM) 이상으로 기업용 SSD 제품 수요가 커지고 있다. 지난해 SK하이닉스의 낸드 부문은 사상 최대인 19조 1060억 원의 매출을 올렸다. 2019년 매출이 5조 원 수준에 그쳤으나 5년 만에 4배 성장한 것이다."
11,"""공매도 재개·ATS 출범""…약일까 독일까[K증시 훈풍③]","6개월 간 22조 순매도했는데…외국인 돌아올까



[서울=뉴시스] 정병혁 기자 = 이복현 금융감독원장이 20일 서울 영등포구 한국거래소에서 열린 증시 인프라 개선 관련 열린 토론회에서 모두발언을 하고 있다. 2025.02.20. jhope@newsis.com[서울=뉴시스]우연수 기자 = 공매도가 다음달 1년4개월 만에 전격 재개되면서 외국인 투자자들의 유입 여부에 시장 관심이 쏠리고 있다. 국내 첫 대체거래소(ATS) 넥스트레이드의 출범 역시 자본시장 인프라 선진화 측면에서 국내 시장의 매력을 높일 수 있다는 기대가 나온다.23일 금융당국에 따르면 다음달 31일부터 국내 주식시장에서 공매도가 전면 재개된다. 2023년 11월6일 전면 중단된 지 1년 4개월 만이다.그간 공매도 금지는 글로벌 스탠다드에 역행한다는 비판을 받아왔다. 공매도는 투자자들에게 다양한 선택지를 주는 것은 물론 안좋은 기업의 주가가 과도하게 올라가지 않도록 걸러주는 역할을 하기 때문이다.금융당국에 따르면 지난해 8월부터 올해 1월까지 외국인은 6개월째 국내 주식을 순매도 중이다. 국내 증시의 펀더멘탈 악화뿐 아니라 공매도 금지 정책도 반년 새 외국인이 22조원을 팔고 나간 배경 중 하나로 꼽힌다. 떠났던 외국인들이 공매도 재개 이후 돌아올지 관심이 쏠린다. 금융당국 역시 이 같은 효과를 기대하는듯 3월 말 공매도 재개 일정을 연일 강조하며 글로벌 스탠다드에 맞춰가겠다는 의지를 표명하고 있다.증권가에서는 과거 사례에 비춰봤을 때 공매도 재개가 외국인 유입에 실제로 도움이 될 것으로 보고 있다.정다운 LS증권 연구원은 ""공매도 금지 기간 동안 줄어들었던 외국인의 시장 참여가 다시 회복할 것""이라며 ""이는 과거 3차례의 공매도 금지 후 재개 시점에서 모두 확인할 수 있다""고 설명했다.정부는 2008년 10월~2009년 5월, 2011년 8월10일~2011년 11월9일, 2020년 3월16일~2021년 4월까지 공매도를 금지했다.공매도 거래가 재개되면 한국 주식시장이 모건스탠리캐피털인터내셔널(MSCI) 선진국 지수 편입 조건을 충족하게 돼 외국인 자금 유입이 촉진될 것이란 분석도 나온다. MSCI는 한국의 공매도 금지 정책이 외국인의 투자 접근성을 제한한다고 지적해왔다.특히 공매도 재개와 함께 출범하는 무차입 공매도 방지 전산시스템은 전세계에서 처음으로 시도되는 글로벌 민간협력 체계라는 점에서 당국은 국내 자본시장 신뢰도를 높일 수 있을 것으로 기대하고 있다.다음 달 4일에는 대체거래소(ATS) 넥스트레이드가 출범한다. 주식 거래 가능 시간이 길어지고 새로운 주문 유형이 도입되면서 투자자 유입 효과와 유동성 확대가 기대된다는 분석이 나온다.이복현 금융감독원장은 ""지난 20일 한국거래소에서 열린 '증시 인프라 개선을 위한 열린 토론'에서 ""공매도 전산화, 대체거래소 출범 등 제도들이 우리 자본시장에 안정적으로 정착된다면 글로벌 투자자자들에 대한 우리 시장의 매력도가 제고될 것""이라고 말했다.증권가에서는 단기적으로 유동성이 유의미하게 늘어나길 기대하긴 어렵다면서도 인프라 개선 측면에서 긍정적으로 평가한다는 반응이 나온다.염동찬 한국투자증권 연구원은 ""자본시장 선진화를 위한 인프라 확충 측면에서 긍정적으로 평가한다""며 """"거래 수수료율이 감소하고 새로운 호가 시스템이 도입되고 거래 시간이 연장되는 등 다양한 긍정적 효과를 기대할 수 있다""고 평가했다.다만 ""일본의 경우 전체 거래대금의 11%만 대체거래소에서 이뤄지고 있어 도입 초기부터 유의미한 거래대금 증가 효과를 기대하기는 어려울 것""이라고 말했다．"
12,"""급등주 추천"" 속인 뒤 돈 받고 잠적…불법 투자업자 60명 수사의뢰","지난해 제보·민원 중 1428건 차단 의뢰…혐의 구체적인 건 경찰로금감원 ""불법업자 거래, 손해회복 사실상 불가능…유의사항 숙지""



금융감독원 제공(서울=뉴스1) 박승희 기자 = 금융회사 직원을 사칭해 고수익을 보장한다고 투자자들을 현혹한 뒤 자금을 편취한 불법 금융투자업자들이 대거 적발됐다. 금융감독원은 지난해 접수된 제보·민원 4325건 중 불법 금융투자 혐의 사이트·게시글 1428건을 적발해 방심위에 차단을 의뢰하고, 혐의가 구체적인 60건은 경찰청에 수사 의뢰했다고 23일 밝혔다.수사 의뢰한 불법 금융투자업자 유형에는 증권사 등을 사칭한 투자중개 유형(28건, 46.7%)이 가장 많았다. 주식정보 제공·자문을 빙자한 투자자문 유형도 14건으로 23.3%를 차지했고, 투자매매 유형도 11건(18.3%)으로 뒤를 이었다.지속된 불법 금융투자사기 피해로 국민들의 경각심도 많이 높아졌으나, 불법업자들의 사기 수법 및 범죄유형 또한 점차 고도화‧지능화되는 추세다.최근에는 SNS에서 ‘○○○% 수익, 급등주 추천’ 등의 광고글로 투자자를 현혹한 후 단체 채팅방을 통해 가짜 투자 앱(모바일트레이딩시스템 MTS 등) 설치를 유도해 자금을 편취한 뒤 잠적하는 온라인 투자사기가 성행했다.금감원은 불법업자와의 거래로 발생한 손해는 회복이 사실상 불가능하므로 사전에 유의사항 및 대응요령을 숙지해 피해를 보지 않도록 조심해야 한다고 당부했다.우선 금융투자상품 거래 시 이용하려는 회사가 제도권 금융사인지 금융소비자정보포털 '파인'을 통해 확인해야 한다고 강조했다, 투자를 권유하는 사람이 금융사 임직원인지도 금융사 고객센터를 통해 재직 여부를 확인할 것을 권했다.제도권 금융회사는 단체 채팅방 등을 통해 주식거래 프로그램(HTS 및 MTS) 설치를 유도하지 않는다는 점도 강조했다. 선물거래를 위한 대여 계좌 이용은 불법이므로 단호히 거절하고, 금융회사 등을 가장한 온라인 사설 FX마진 거래도 주의하라고 당부했다. FX마진 거래는 거래 요건을 만족한 금융사를 통해 거래해야 한다. SNS 등을 통해 광고하는 업체가 불법업자인지 먼저 확인하고 의심되면 즉시 거래를 중단하고 신속하게 신고할 것을 요청했다.금감원은 불법 금융투자업자 관련 신고·제보, 자체 모니터링 등을 통해 관련 온라인 차단의뢰 및 수사 의뢰를 신속히 실시할 계획이다. 아울러 금융소비자의 피해 예방을 위해 유의 사항을 지속해서 안내하고 불법행위에 대한 실효성 있는 단속을 위해 유관기관과의 공조를 더욱 강화할 예정이다."
13,"올해 성장률 '1%' 전망에 신문들 ""추경이 민생… 급한 불 꺼야""","영국 리서치업체 올해 한국 경제성장률 1%로 전망매일경제 “이대로 가다간 ‘0%대’ 시대 올 수 있어”한국일보 “적어도 이달 중 추경 여야 합의 이뤄져야”



▲ 사진=gettyimages올해 한국의 경제성장률이 1%에 그칠 것이라는 해외 업체 분석이 나왔다. 신문들은 성장률 전망이 줄줄이 추락하고 있다며 추가경정예산과 실효성 있는 통상 외교가 필요하다는 사설을 냈다. 언론 보도를 종합하면, 영국 리서치업체 캐피털이코노믹스(CE)는 최근 보고서에서 ""한국이 올해 1% 성장하는 데 그칠 것""이라고 밝혔다. CE는 지난달 한국 성장률 전망치를 1.5%에서 1.1%로 하향 조정했는데 이번에 0.1%p를 다시 낮춘 것이다. CE는 ""정치 혼란에 따른 경제심리 위축으로 소비 부진이 불가피하다""며 ""저성장 극복을 위해 한은이 올해 1%p 급격한 기준금리 인하를 단행할 것""이라고 예상했다. 한국일보는 22일자 사설에서 ""이는 글로벌 투자은행 중 가장 부정적인 JP모건의 전망치(1.2%)보다도 낮은 것""이라며 ""아직 기획재정부는 1.8%를 고수하고 있지만 이미 한국개발연구원은 1.6%로 낮췄다. 한국은행도 25일 전망치를 수정한다""고 했다. 그러면서 정부의 추가경정예산 투입을 촉구했다. 한국일보는 ""정부가 나서 추가경정예산이라도 투입해 급한 불부터 끄는 게 중요하다. 관건은 시간이다. 경제를 살리기 위해선 너무 늦지 않게 필요한 자금이 풀려야 한다. 타이밍을 놓치면 효과를 기대할 수 없다""며 ""전문가들은 적어도 이달 중 추경에 대한 여야 합의가 이뤄져야 한다고 주문한다. 추경은 여야 합의 이후에도 정부 편성 과정과 국회 심사까지 통상 2개월 이상 소요되기 때문""이라고 했다. 



▲ 22일자 한국일보 사설.편성된 추경안을 놓고 합의를 이루지 못하는 여야를 향해 한국일보는 ""모두 민생은 안중에도 없다. 여·야·정 국정협의회가 소득 없이 끝난 이유다. 여·야가 정략적 행보와 정치 셈법에만 빠진 사이 골든타임은 또 지나가고 있다. 민생이 무너지면 정권을 잡은들 무슨 소용인가. 싸움도 밥그릇은 깨지 않으면서 하는 게 상도""라고 했다. 경제신문들도 '이대로는 성장률 0%대 시대'가 올 수 있다며 추경을 주문했다. 매일경제는 22일 사설에서 ""저출생·고령화와 생산성 저하로 경제 기초체력을 나타내는 잠재성장률은 이미 1%대로 떨어졌다. 이대로 가다가는 '성장률 0%대' 시대가 올 가능성도 배제할 수 없다""며 ""정치색을 뺀 추가경정예산부터 합의해야 한다. 타이밍을 놓치면 재정을 쏟아부어도 효과를 내기 어렵기 때문""이라고 했다. 



▲ 22일자 동아일보 사설.'관세전쟁'을 선언한 미국과의 관계도 풀어야 할 숙제다. 동아일보는 22일 <올 성장률 1% 전망까지… '빈손' 통상 외교로는 이마저 위태> 사설에서 ""각국 국가 수장이 트럼프 대통령을 찾아가 대미 투자, 미국산 무기 구매 등을 제안하며 관세 예외 인정을 요청하는데 최상목 대통령 권한대행 겸 부총리는 전화 통화도 못 했다""고 지적했다."
14,"결혼 후 부모님 집과 합칠까요?…미혼남녀 48%는 ""반대""","응답자 10명 중 3명은 ""상대 부모님 노후 대비 필수""



[서울=뉴시스] 가연 '배우자 부모님 합가&노후' 조사 (사진=가연 제공) 2025.02.22. photo@newsis.com *재판매 및 DB 금지[서울=뉴시스]이승주 기자 = 미혼남녀 절반 정도는 배우자 부모님과의 합가를 반대하는 것으로 나타났다. 결혼정보회사 가연은 지난달 2539 미혼남녀 500명을 대상으로 '2025 결혼 인식 조사'를 진행하고 이 같은 결과를 23일 밝혔다. 조사 결과에 따르면, 배우자의 부모님과 합가하는 것에 대해 반대가 48%로 가장 높게 집계됐고, 찬성은 6.4%에 불과해 약 8배 차이 나는 것으로 드러났다.  상황에 따라 논의할 여지가 있다는 의견은 41.8%, 배우자의 의견에 적극 따르겠다는 의견은 3.8%를 차지했다. 이어 결혼 고려 시 '배우자 부모님의 노후 대비'에 대한 의견을 함께 물었다. 여기에는 집과 소득, 연금 등을 포함했다. 응답자 56.6%는 '(노후 대비가)돼 있으면 좋지만, 결혼을 다시 생각할 정도는 아니다'를 선택했다. 이어 ‘필수로 노후 대비 돼 있어야 한다(20.8%)'와 '준비돼 있지 않으면, 결혼을 다시 생각해 볼 것이다(14.6%)'처럼 상대 부모님의 노후 대비를 고려하는 이들은 10명 중 3~4명이었다. 그밖에 '노후 대비가 돼 있지 않아도 상관없다(7.2%)', '기타(0.8%)' 순으로 확인됐다.이번 조사에서는 남성과 여성의 응답도 상당한 차이를 보였다. 배우자 부모님과의 합가에 반대한 남성은 30%, 여성은 66%였고, 찬성한 남성은 10.4%, 여성은 2.4%였다. 또 상대 부모님의 노후 대비를 필수로 생각하는 남성은 24.4%, 여성은 46.4%로 드러나 시가와의 관계를 중요시하는 여성이 많은 것으로 풀이된다. 한원정 가연 커플매니저는 ""결정사에서는 가족관계증명서로 인증을 거치는 게 필수이며, 부모님 직업 및 집안 경제력 등의 요소를 참고할 수 있다""며 ""보통은 가정 환경과 분위기 등이 서로 비슷한 사람과 만나기를 원하나, 개인마다 선호·취향이 워낙 다양해서 무조건적이지는 않다""고 말했다.아울러 ""아무래도 부모님 노후 대비가 잘돼 있다면 안정적인 부분을 어필할 수 있는데, 만약 그렇지 않더라도 충분히 서로 조율해서 기준을 맞춰 정하면 된다""고 덧붙였다."
15,신축 아파트 두고 고질적인 가구업체 담합… 끝이 안 보인다,"반도건설 발주 8년간 담합… 매출 949억공정위, 13개 업체에 과징금 51.7억 부과중소 건설사 발주 조사 중… 더 적발될 듯



반도건설이 발주한 빌트인 가구 구매 입찰 담합에 참여한 한 가구업체의 시안. 공정거래위원회수년간 건설사 빌트인 가구 입찰을 두고 사전에 낙찰예정자를 합의하거나 투찰가격을 공유하는 방식으로 짬짜미 해온 업체들이 공정거래위원회 제재를 받게 됐다. 신축 아파트, 오피스텔 등 분양가를 끌어올리는 고질적인 가구업체 간 담합이 끊이지 않고 있다.공정위는 반도건설이 발주한 빌트인 특판가구 구매 입찰 관련 담합을 도모해 공정거래법을 위반한 가구 제조·판매업체들에 시정명령을 내리고 과징금 총 51억7,300만 원을 잠정 부과하기로 결정했다고 23일 밝혔다.제재 대상엔 한샘, 현대리바트, 에넥스, 넵스, 선앤엘인테리어, 에몬스가구, 매트프라자, 우아미, 우아미가구, 리버스, 동명아트, 한특, 위다스 등 13개 업체가 지목됐다. 조사 결과, 이들은 2014년 1월부터 2022년 3월까지 약 8년간 담합 행위를 벌인 것으로 파악됐다.반도건설은 가구업체들의 입찰 가격과 신용평가 결과 등을 고려해 입찰참여업체를 지정, 최저가 투찰 업체와 계약하는 제한경쟁입찰을 실시해왔다. 가구업체들은 저가에 수주하게 되는 일을 방지하기 위해 입찰 전 모임, 유선 연락을 통해 사전에 낙찰예정자를 결정했다. 



반도건설이 발주한 빌트인 가구 구매 입찰에서 담합한 업체들이 주고받은 이메일 내용. 공정거래위원회이들은 이메일, 카카오톡 등으로 견적서를 공유해 투찰가격을 합의했다. 낙찰예정자를 명시적으로 정하지 않고 견적서 교환을 통해 입찰가격만을 합의하기도 했는데, 입찰가가 기재된 견적서를 공유받은 업체는 그 가격 이상을 적어 투찰하는 식이었다. 이 같은 담합을 통해 올린 관련 매출액은 949억 원에 달한다. 공정위 관계자는 ""앞선 민간 건설사 발주 특판가구 입찰 담합 사건들 관련 매출액은 총 1조9,000억 원에 달했다""며 ""대다수 국민 주거공간인 아파트 분양원가 상승에도 일부 영향을 미친 것으로 평가된다""고 분석했다.공정위는 2023년 4월 검찰 고발요청에 따라 2조3,000억 원대 가격 담합에 가담한 한샘 등 8개 가구업체와 전현직 임직원 12명을 고발한 바 있다. 기소된 이 중 11명이 지난해 6월 1심에서 10개월~1년 징역형 집행유예 선고를 받았고, 법인엔 각 1억~2억 원 벌금형이 내려졌다.아울러 지난해 4월엔 한샘 등 31개 가구 제조·판매업체가 24개 건설사 발주 특판가구 구매 입찰에서 10년간 담합한 정황을 적발해 과징금 931억 원을 부과했고, 이번 조치는 중소형 건설사 발주 건에 대한 후속 조사 결과다. 공정위 관계자는 ""다른 중소형 건설사 발주 입찰 담합도 조사가 진행 중""이라고 밝혔다. 연관기사• ""이대로 천년만년~""...한샘 등 가구사 2조 담합, 931억 과징금(www.hankookilbo.com/News/Read/A2024040713520004989)• '2.3조 원대 입찰 담합' 가구업체 전현직 임직원들 유죄(www.hankookilbo.com/News/Read/A2024060417160005260)• 올림픽파크포레온 등 시스템가구 입찰 담합 가구업체들에 183억 과징금(www.hankookilbo.com/News/Read/A2025021314110005372)"
16,컬리에서 에르메스 판다… 명품에 손대는 이커머스,"프랑스 유명 브랜드 ‘에르메스 퍼퓸&뷰티’는 올해 2월 뷰티컬리에 입점했다. 컬리 제공경기침체 장기화 현상으로 기대 이하의 성적표를 받아든 유통업계는 새로운 사업 모델을 찾기 분주한 모습이다. 그중 이커머스 기업들은 명품 판매를 시작하면서 외연을 확장하는 데 주력하고 있다. 불황에도 잘 팔리는 명품 특성상 안정적으로 수익을 확보할 수 있고 장기적으로는 브랜드 이미지 제고 효과까지 볼 수 있다는 점에서 주목받는다.리테일 테크기업 컬리는 올해 2월 프랑스 유명 브랜드 ‘에르메스 퍼퓸&뷰티’가 뷰티컬리에 입점했다고 23일 밝혔다. 에르메스는 뷰티컬리에서 향수·바디·메이크업 등 총 26개 상품을 선보이고 있다. 앞서 컬리는 2022년 뷰티 전문 플랫폼 뷰티컬리를 오픈한 이후 공격적으로 사세를 확장해 왔다. 신선식품 새벽배송 서비스에서 한 발 더 나가 외형을 키운 것이다.2023년 아르마니 뷰티가 들어온 것을 시작으로 명품 브랜드를 계속해서 입점시키고 있다. 지난해 말부터는 명품 패션에도 손을 대며 루이비통·셀린느 등 명품 브랜드의 의류 및 패션잡화까지 판매 중이다. 뷰티컬리의 지난해 럭셔리· 뷰티 부문 성장률은 약 40%를 기록했다. 통계청이 발표한 2024년 온라인 화장품 부분 성장률인 7.5%의 5배가 넘는 수치다.



최근 럭셔리 뷰티 버티컬 서비스 R.LUX(알럭스)에 조말론 런던이 입점했다. 쿠팡 제공쿠팡도 지난해 10월부터 럭셔리 뷰티 서비스인 ‘알럭스’(R.LUX)를 론칭해 운영하고 있다. 쿠팡의 압도적인 입지와 편의성을 적극 활용해 패션·뷰티까지 사업 분야를 넓히겠다는 것이다. 지난 1월에는 조말론 런던이 알럭스에 입점했다. 알럭스에는 로라 메르시에, 랑콤, 데코르테 등 다양한 럭셔리·뷰티 브랜드가 입점해 있다. 쿠팡은 여러 명품 브랜드들과 입점 여부를 조율하고 있는 것으로 전해졌다.다른 이커머스 기업들의 상황도 비슷하다. 수익성 개선 노력을 이어가고 있는 롯데온은 신규 뷰티 버티컬 어플리케이션 출시를 검토하면서 신사업 기획 인력을 보강하고 있는 것으로 알려졌다. 이밖에도 11번가, SSG닷컴 등도 명품 전문관을 운영하며 새로운 수요를 찾기 위해 열을 올리는 분위기다.과거 명품시장은 백화점 등 오프라인 채널의 전유물로 여겨졌지만, 소비자들의 인식이 바뀌면서 온라인에서 명품을 구매하는 경우도 많아졌다. 시장조사 전문업체 유로모니터에 따르면 국내 온라인 명품 시장 규모는 2022년 2조4425억원에서 지난해 2조6405억원(추정)으로 큰 폭의 성장세를 보이고 있다.



서울 시내의 한 백화점 샤넬 매장의 모습. 뉴시스명품은 대표적인 유통업계 효자 품목 중 하나다. 객단가가 높고, 경기의 영향을 덜 받기 때문이다. 럭셔리 브랜드들은 매년 가격 인상을 반복하면서 세간의 비판을 받지만, ‘오픈런’ 행렬은 줄어들 기미가 보이지 않는다. 특히 뷰티 제품군은 상대적으로 적은 가격에 명품을 갖는 경험을 준다는 점에서 ‘스몰 럭셔리’의 선두주자로 평가받는다. 주로 가성비를 앞세워 장사하는 이커머스 기업으로서는 명품 판매량이 늘수록 플랫폼 이미지가 제고되는 것도 장점이다.다만 이커머스 기업들 간 경쟁이 과열 양상을 보일수록 또 다른 ‘치킨게임’이 시작될 수 있다는 우려도 제기된다. 1년 사이 여러 온라인 명품 플랫폼들이 서비스를 중단하거나 리뉴얼을 이유로 홈페이지 운영을 멈추기도 했다. 포화에 가까운 내수 시장 특성상 대형 이커머스 기업들의 수익성도 예상치보다 낮을 가능성도 있는 셈이다. 최근 불거진 가품 판매 논란도 리스크로 작용할 수 있다.그럼에도 유통업계는 명품 시장을 블루오션으로 보고 있다. 유통업계 관계자는 “명품도 종류가 다양하다. 이커머스에서는 하이엔드부터 중저가 브랜드에 이르기까지 옵션이 다양하고, 소비층도 연령대를 가리지 않는다”며 “이커머스 기업들은 입점 브랜드를 늘리고, 유통마진을 줄여 가격을 백화점 등 오프라인 매장과 차별화를 해 경쟁력을 높일 것으로 보인다”고 말했다."
17,"""국민 55%는 '국장'보다 '미장' 선호…이유는 美 기업 혁신성""","대한상의, 한미 자본시장 인식 조사…밸류업 과제로 투자자 세제인센티브 확대(서울=연합뉴스) 장하나 기자 = 이른바 '서학개미'의 미국 주식 보관액이 사상 처음으로 1천억달러를 넘기는 등 미국 자본시장 투자에 대한 관심이 커지는 가운데 국내 투자자들이 미국 자본시장을 선호하는 주된 이유는 기업의 혁신성이라는 조사 결과가 나왔다.



미국 S&P500과 나스닥 지수 등이 표시된 하나은행 본점 딜링룸 현황판[연합뉴스 자료사진]    23일 대한상공회의소에 따르면 대한상의가 지난 17∼18일 자체 온라인 플랫폼인 '소플'(sople.me)을 통해 국민 1천505명을 대상으로 '한미 자본시장에 대한 국민인식 조사'를 실시한 결과, 응답자의 54.5%는 한미 자본시장 중 미국 자본시장을 더 선호한다고 답했다.    국내 자본시장을 선호한다는 응답은 23.1%에 그쳤다. 양쪽 투자 선호도가 비슷하다는 답변은 22.4%였다.    미국 자본시장에 투자하는 이유로는 기업의 혁신성·수익성(27.2%)을 가장 많이 꼽았고, 이어 활발한 주주환원(21.3%), 국내 증시 침체(17.5%), 미국 경제 호황(15.4%), 투명한 기업지배구조(14.8%), 투자자 친화적 세제·정책지원(3.8%) 등의 순이었다.    대한상의 관계자는 ""최근 국내에서 이사의 주주 이익 보호 의무를 강화하는 상법 개정 등 지배구조 규제가 밸류업(기업가치 제고)의 정답처럼 여겨지고 있지만, 국민은 주로 미국 기업의 혁신성과 수익성을 보고 투자하고 있으며 지배구조를 보고 투자했다는 응답은 상대적으로 적었다""고 말했다.



미국 자본시장에 투자하는 이유[대한상의 제공. 재판매 및 DB 금지]    국내 투자자의 미국 증시 선호 현상은 앞으로도 늘어날 것으로 전망됐다.    향후 미국 자본시장에 투자를 확대할 의향이 있다는 응답자는 전체의 79.0%였다. 현상 유지는 15.3%, 축소 의향은 5.7%에 그쳤다.    반면 국내 자본시장의 투자를 확대 의향이 있다고 답한 응답자는 54.3%였고, 현상 유지 26.6%, 축소 의향 19.1%로 나타났다.    올해 주가는 전반적으로 긍정적인 전망이 우세했으나, 미국 주가가 오를 것이라는 전망(상승 79.3%, 현상 유지 14.0%, 하락 6.7%)이 국내 주가가 오를 것이라는 전망(상승 55.2%, 현상 유지 22.6%), 하락 22.2%)보다 더 많았다.    국내 자본시장이 부진한 이유로는 응답자의 34.6%가 국내 기업의 혁신성 정체를 첫손에 꼽았다. 규제 중심 기업·금융정책(23.6%), 단기적 투자문화(17.5%), 지배구조와 주주환원 미흡(15.4%), 금융투자에 대한 세제 등 지원 부족(6.8%) 등도 언급했다.



대한상의 '밸류업과 주주보호의 주요 쟁점과 과제' 세미나[대한상공회의소 제공. 재판매 및 DB 금지]     국내 자본시장 밸류업을 위한 우선 과제로는 장기보유주식 등에 대한 세제 혜택 도입(26.0%), 배당소득세 인하(21.8%) 등 금융 투자자에 대한 세제 인센티브 확대를 중요하게 여기는 것으로 나타났다.    미국의 경우 주식 보유기간에 따라 1년 초과 보유시 양도소득세가 인하되지만, 우리나라는 보유기간에 따른 세제 혜택이 전혀 없다.    또 우리나라는 배당소득과 이자소득을 합쳐 2천만원을 초과하면 근로소득 등 다른 소득과 합산해 최고세율 49.5%로 누진과세(국세+지방세)하는 반면 미국은 국세 기준 0∼20%로 분리과세하고 있다.    정부가 이미 발표한 자본시장 발전방안 중에서는 개인종합자산관리계좌(ISA) 납입·비과세 한도 확대(31.0%), 밸류업 우수기업 세제 인센티브 도입(28.9%), 상장기준 강화·좀비기업 퇴출 활성화(20.3%), 퇴직연금 수익률 제고(19.8%) 등이 중요과제로 꼽혔다. 다만 이중 ISA 혜택 확대와 밸류업 인센티브 관련 법안은 아직 국회에서 통과되지 않았다.    강석구 대한상의 조사본부장은 ""자본시장 밸류업은 새로운 규제의 도입이 아니라 기업의 혁신성장을 촉진하고, 그러한 혁신기업에 투자하는 투자자에게 인센티브를 늘리는 방식으로 해야 한다""며 ""국회는 지배구조 규제를 위한 상법 개정이 아니라 문제가 되는 사안에 대해서만 핀셋 개선하는 자본시장법 개정을 논의해주기를 바란다""고 말했다.    hanajjang@yna.co.kr"
18,"""국힘 전광훈 2중대…시대의 흐름 보지 않고 이재명 뒤만 쫓아""","더불어민주당 김민석 최고위원, ""국힘 시대 요구에 근본적으로 다시 생각해야""



김민석 최고위원(왼쪽부터)과 이재명 더불어민주당 대표. 사진=한국경제신문 강은구 기자더불어민주당 김민석 최고위원은 23일 ""이재명 대표는 최근 민주당의 중도보수 지향을 강조해 국민 통합정치의 기초를 닦기 시작했다""며 ""국민의힘도 시대의 요구에 대해 근본적으로 다시 생각해야 할 것""이라고 말했다.김 최고위원은 이날 국회 기자간담회에서 ""왜 이 대표가 대선후보 지지율 1위를 유지하고 국민의힘은 이 대표를 못 이기는가. 이 대표는 시대의 흐름을 보고 가는데 국민의힘은 시대의 흐름을 보지 않고 이재명의 뒤만 쫓아가기 때문""이라며 이같이 말했다.김 최고위원은 ▲ 계엄 사전예고 ▲ 계엄 해제 주도 ▲ 신속한 윤석열 대통령 탄핵 제기 ▲ 성장 회복과 내란극복을 최우선 정책과제로 설정 등을 포함, '이재명의 내란극복 리더십 10가지 포인트'를 정리해 소개하기도 했다.특히 최근 이 대표가 민주당의 정체성을 중도·보수로 설정한 것에 대해서는 ""극우화한 국민의힘 대신 더 폭넓은 국민의 요구를 책임 있게 수용할 길을 열게 된 것""이라고 평가했다.그는 ""내란 극복에 동의하는 진보·보수·중도의 당 내외 정치세력과 연대하면서, 이 대표의 통합 정치는 더욱 발전할 것""이라며 ""이재명의 리더십은 국민을 믿고 변화에 대처하는 실용주의다. 부동의 1위 지지율은 이런 시대적 흐름에 부응한 리더십을 국민이 평가했기 때문""이라고 말했다.김 최고위원은 ""그러나 국민의힘은 내란옹호·이재명 때리기·무조건 반대에만 몰두하며 '극우 전광훈 2중대'가 돼 버렸다""며 ""이러니 백날 이재명을 욕해도 이재명에게 지는 것이 당연하다""고 비판했다.김 최고위원은 ""중도실용인가, 극우 극단인가 묻는다면 답은 명확하다. 솔직히 국민의힘이 변하지 못할 것으로 보지만, 지금처럼 가면 시대착오적 만년 야당이 될 것""이라며 변화를 촉구했다."
19,"농식품부, 영농정착지원금 받는 청년농업인 농외근로 제한 폐지","귀농귀촌·청년농업인 아카데미 굴삭기 운전 실습[농협 제주본부 제공]    (서울=연합뉴스) 전재훈 기자 = 농림축산식품부는 청년 농업인이 영농 정착 지원금 수령 여부와 무관하게 농외 근로를 할 수 있도록 개선했다고 23일 밝혔다.    농식품부는 청년 농업인 간담회에서 제기된 현장 요구사항을 반영해 이런 내용의 청년·후계농 육성 사업개선 사항을 발표했다.    당초 영농 정착 지원금을 받는 청년 농업인은 농한기를 활용한 연 5개월·월 100시간 미만의 단기 근로만 허용됐지만 이번 개선으로 영농활동을 유지하면 지원금 수령, 의무 영농과 무관하게 농외 근로를 할 수 있게 된다.    다만 농외 근로 시 영농활동을 증빙하기 위한 직불금 수령 내역과 영농사실 확인서, 농산물 수확·판매 실적 등을 관할 지방자치단체에 제출해야 한다.    아울러 농식품부는 지난해 청년 농업인, 후계농업경영인으로 지정된 이들을 대상으로 오는 24일부터 기존의 상시 배정 방식으로 후계농 육성 자금을 지원한다.    올해 선정된 이들은 하반기부터 자금 배정 평가 방식을 적용해 지원할 계획이다.    kez@yna.co.kr"
20,"이재용 뛰어넘나…조정호, 주식부자 1위 눈앞","국내 주식부자 1위 이재용과 격차 5%대로 좁혀져역대 최대 실적·적극적 주주환원으로 1년간 66% 상승조정호 “대주주 1주와 개인투자자 1주 가치 같아야”메리츠, 국내 금융지주 최초 '밸류업' 계획 발표[이데일리 원다연 기자] 실적 성장과 주주환원의 양 날개를 달고 메리츠금융지주(138040)의 주가가 가파른 상승세를 이어가며 국내 주식 부호 순위도 흔들고 있다. 조정호 메리츠금융지주 회장이 국내 주식부자 1위인 이재용 삼성전자(005930) 회장과의 주식평가액 격차를 5%대까지 좁히면서 조만간 순위가 뒤바뀔 것이란 전망이 나오고 있다. 23일 기업분석전문 한국CXO연구소에 따르면 조정호 회장의 주식가치는 지난주 마지막 거래일인 21일 기준 12조 2183억원으로 집계됐다. 조 회장의 주식평가액은 20일 12조 228억원으로 처음으로 12조원을 넘어선 데 이어 하루 만에 1955억원가량 불어났다. 이재용 회장의 주식 재산은 21일 기준 12조 9201억원으로, 전날(13조 1848억원)에서 하루 사이 2600억원 넘게 감소하며 12조원대로 내려앉았다. 이에 따라 조 회장과 이 회장의 주식평가액 격차는 5.4% 수준까지 좁혀졌다. 지난해 초만 해도 조 회장의 주식평가액 규모는 이 회장의 38.7% 수준에 불과했다. 조 회장의 주식평가액 규모가 이 회장을 바짝 따라잡은 것은 메리츠금융지주의 주가가 1년새 가파르게 상승한 영향이다. 최근 1년 사이 메리츠금융지주의 주가는 66.22% 급등하며 1년 전 7만원대였던 주가는 12만 5000원까지 뛰었다. 역대 최대 실적과 적극적인 주주환원 정책이 주가를 밀어 올렸다. 메리츠금융지주는 지난해 연결 당기순이익이 전년 대비 9.8% 늘어난 2조 3334억원으로 역대 최대 실적을 달성했다. 계열사별로 보면 메리츠화재의 별도 당기순이익이 전년 대비 9.2% 늘어난 1조 7105억원으로 역대 최대 이익을 경신했고, 메리츠증권도 1조 549억원으로 2022년 이후 2년 만에 ‘1조 클럽’에 복귀했다. 김용범 메리츠금융지주 부회장은 지난 19일 실적 발표 뒤 컨퍼런스콜을 통해 “올해도 안정적인 이익 성장이 전망된다”며 “2~3년 내에 연결 당기순이익이 3조원을 달성할 것으로 개인적으로 예상한다”고 밝혔다. 실적 성장과 함께 적극적인 주주환원 정책도 주가를 뒷받침하고 있다. 메리츠금융지주는 작년 7월 국내 금융지주 중 처음으로 밸류업(기업가치 제고) 계획을 발표했다. 메리츠금융지주는 밸류업 공시를 통해 2025년까지 순이익 50% 이상을 주주환원하고, 이후엔 내부투자와 주주환원 수익률을 비교한 뒤 주주가치 제고를 위한 최적의 자본배치를 추진하겠다고 밝혔다. 메리츠금융지주의 자사주 매입·소각과 현금 배당을 통한 지난해 주주환원율은 53.1%로 전년 대비 1.9%포인트 상승했다. 조 회장은 지난 2023년 “대주주의 1주와 개인 투자자의 1주는 동등한 가치를 가져야 한다”며 “우리의 모든 주주환원 행보의 기저에는 이런 생각이 있었다”고 밝힌 바 있다. 메리츠금융지주의 이같은 주가 상승 흐름이 이어지면 국내 주식 부호 1위가 이번 주 안에도 바뀔 수 있단 전망이 나온다. 증권가는 메리츠금융지주의 목표가를 올려잡고 있는 가운데 목표가는 최고 15만원까지 높아졌다. 안영준 키움증권 연구원은 “지속적인 자기주식 매입으로 주가 상승세가 이어지고 있으며 당분간 자기주식 중심의 주주환원을 유지할 계획”이라며 “내부적으로 강력한 실적 성장을 예상하고 있다고 밝혔는데 향후 실적으로 나타날 경우 예상 주주환원 규모 확대에 따른 추가적인 주가 상승을 기대해볼 수 있다”고 밝혔다. 



조정호 메리츠금융지주 회장. (사진=메리츠금융그룹)"
21,"삼성SDI, “각형 배터리가 답이다”…‘인터배터리 2025’서 차세대 제품·기술 공개","인터배터리 2025 삼성SDI가 국내 최대 규모 배터리 전시회 ‘인터배터리 2025’에 마련할 전시 부스 조감도. 삼성SDI 제공.  열 전파 차단 기술·초고출력 원통행 배터리 등 선보여삼성SDI가 국내 최대 규모 배터리 전시회 ‘인터배터리 2025’에서 자사가 개발한 각형 배터리를 집중적으로 조명한다.삼성SDI는 다음 달 5일부터 7일까지 사흘 간 서울 강남구 코엑스에서 열리는 인터배터리 2025에 참가한다고 23일 밝혔다. 산업통상자원부가 주최하고 한국배터리산업협회, 코엑스, 코트라 등이 공동 주관하는 인터배터리 2025는 지난 2013년 첫 개최 이후 올해 13회차를 맞는다.삼성SDI는 이번 전시에서 ‘배터리 기술로 업그레이드 되는 우리의 일상, 인셀리전트 라이프’라는 슬로건을 내걸고 다양한 차세대 배터리 제품과 혁신 기술을 선보인다.삼성SDI는 최근 상품화 적용 검토를 완료한 ‘열 전파 차단(No TP)’ 기술을 공개한다. No TP는 배터리 제품의 특정 셀에 문제가 발생했을 때 셀과 셀 사이에 적용된 안전 소재 등에 의해 다른 셀로 열이 전파되는 것을 물리적으로 막아주는 기술이다. 삼성SDI만의 독자적인 열전파 성능 예측 프로그램(TPc)을 통해 제품 기획 단계에서부터 열전파 방지를 위한 최적의 구조 설계가 가능하다.삼성SDI는 또 배터리 업계의 ‘게임체인저’로 일컬어지는 전고체 배터리의 개발 현황도 소개할 예정이다. 전고체 전지는 기존의 리튬이온 배터리에 적용되는 액체 전해질을 고체 전해질로 대체한 제품으로 화재 위험성이 낮아 안전성이 높고 수명이 길어 주행거리가 늘어나 ‘꿈의 배터리’로 불린다.삼성SDI는 이번 전시회에서 실물 크기의 차량 하부구조 목업(실물 크기의 전시 모형)에 탑 터미널 각형 배터리와 사이드 터미널 각형 배터리를 탑재한 셀투팩(배터리 모듈을 없애고 팩의 빈 공간에 배터리 셀을 더 많이 배치해 에너지 밀도를 높이는 기술) 컨셉 제품도 전시한다. 양극과 음극 단자가 상부에 위치한 탑 터미널 방식과 달리 사이드 터미널은 이를 측면에 배치해 에너지 밀도와 안전성을 더욱 향상시킨 것이 특징이다.



인터배터리 2025 삼성SDI가 국내 최대 규모 배터리 전시회 ‘인터배터리 2025’에 마련할 전시 부스 조감도. 삼성SDI 제공.  삼성SDI는 ‘50A급 초고출력 원통형 배터리’도 공개한다. 50A급 초고출력 원통형 배터리에는 전극의 끝부분을 여러 개의 탭으로 가공해 전류의 경로를 확장하는 ‘탭리스’ 디자인을 적용해 업계 최대 출력을 구현한 제품이다. 주요 사용처인 전동공구에 적용할 경우 기존 동일 용량 배터리에 비해 출력을 최대 40% 높일 수 있어 작업 효율성을 크게 향상할 수 있다.신재생 전력망을 안정적으로 지원하는 에너지저장장치(ESS) 제품인 ‘삼성 배터리 박스(SBB) 1.5’도 전시된다. SBB는 20ft 컨테이너 박스에 배터리 셀과 모듈, 랙 등을 설치한 제품이다. SBB 1.5는 설치 편의성과 함께 기존 SBB 1.0에 비해 안전성과 용량을 높였다. SBB는 미국과 유럽 시장에서 기술력을 인정받아 지난해 ‘인터배터리 2024’에서 최고혁신상을 받았다.삼성SDI는 자사 배터리가 탑재된 미래형 자율주행셔틀 ‘로이(ROii)’도 소개한다. 국내 1위 자율주행 스타트업인 오토노머스에이투지(A2Z)가 자체 개발한 로이는 운전석이 없는 레벨4 수준의 무인 자율주행 차량으로 최대 9명이 탑승할 수 있다. 이 차량에는 삼성SDI의 21700(지름 21㎜·높이 70㎜) 원통형 배터리 4000개가 탑재된다.삼성SDI 관계자는 ""이번 전시를 통해 배터리 기술로 업그레이드 되는 우리의 일상과 그것을 가능하게 하는 배터리 기술 경쟁력을 확인할 수 있을 것""이라고 밝혔다."
22,가상화폐 거래소서 무려 ‘2조원’ 털려…北 해커그룹 소행 추정,"피해규모 가상화폐 해킹사건중 역대 최대도난당한 이더리움, 바이비트 자산 9% 비트코인 등 가상화폐 일제히 하락



 가상화폐.[로이터 연합뉴스]세계 최대 가상화폐 거래소 중 한 곳인 바이비트(Bybit)에서 최근 해킹으로 2조원대에 달하는 역대 최악의 피해가 발생한 것으로 나타났다.바이비트의 대규모 해킹 소식에 주요 가상화폐들의 가격은 일제히 하락했다. 특히 비트코인은 한때 개당 9만 5000달러선 아래까지 급락했다.사건 배후에는 북한의 해킹 조직이 있는 것으로 지목되고 있다.21일(현지시간) 블룸버그 등에 따르면 가상화폐 거래소 바이비트가 해킹으로 14억6000만 달러(약 2조1000억원)의 코인을 탈취당했다.벤 저우 바이비트 최고경영자(CEO)는 이날 자신의 소셜미디어에 “바이비트의 오프라인 이더리움 지갑 중 하나를 탈취했다”고 밝혔다.블록체인 데이터 추적 플랫폼인 아캄 인텔리전스도 해당 소식을 전하며 “해킹된 자산이 새로운 주소로 이동하며 매각되고 있다”고 밝혔다.이날 바이비트에서 해킹당한 자금은 이더리움과 이더리움 파생상품으로 구성된 것으로 알려졌다.도난당한 이더리움은 바이비트 총자산의 약 9%에 해당하는 금액이다. 바이비트는 피해 복구를 위해 회수된 자금의 10%를 포상금으로 지급하겠다고 발표하기도 했다.이번 해킹은 지난 2014년 일본 거래소 마운트곡스(4억7000만 달러)와 2021년 중국 거래소 폴리네트워크(6억1100만 달러)의 피해를 넘는 역대 최대로 꼽힌다. 이 같은 사고 소식에 비트코인 가격은 9만5000달러가 붕괴됐고, 23일 오후까지 9만6000달러선에서 거래되는 약세장이 이어졌다.2018년 설립된 바이비트는 일일 평균 거래량이 360억 달러(약 51조7860억원)가 넘는 세계 최대 가상화폐 거래소 중 하나다. 한때 거래량 기준 바이낸스에 이어 세계 2위에 오르기도 했다.두바이에 본사를 두고 있으며 해킹 이전에 약 162억 달러의 자산을 보유하고 있었다.바이비트가 현상금을 걸면서 블록체인 분석가 잭엑스비티(ZachXBT)는 이번 사건이 북한의 해킹 조직 라자루스의 소행이라는 증거를 제공한 것으로 알려졌다.바이비트의 조사를 돕고 있는 블록체인 보안 기업 파이어블록스도 “지난해 발생한 인도 가상화폐 거래소 와지르X와 대출 프로토콜 라디언트 캐피털에 대한 공격과 유사하다”며 “두 사건 모두 북한 소행이었다”고 지적했다.북한 해커들은 와지르X에서 2억3490만 달러, 라디언트 캐피탈에서 5000만 달러 규모의 가상화폐를 해킹한 배후로 지목받고 있다. 북한은 최근 수년간 가상화폐 거래소 해킹으로 탈취한 가상화폐를 현금으로 세탁한 뒤 핵무기 개발 등에 사용하고 있다는 의혹을 받고 있다.지난달 한국과 미국, 일본은 공동성명을 내고 지난해 발생한 6억6000만달러(약 9600억원) 규모의 암호화폐 탈취가 북한의 소행이라고 발표한 바 있다."
23,“장본 거 정리해줘”…2대 로봇이 달걀은 냉장고에 쿠키는 주방 선반에 ‘척척’,"피규어AI의 최신 휴머노이드 로봇 ‘피규어02’가 치즈를 냉장고에 넣겠다고 판단, 냉장고에 가까이 있는 로봇에 치즈를 건네고 있는 모습. 피규어AI 유튜브 제공. 미국 휴머노이드 로봇 스타트업 피규어AI가 인간의 일상 언어를 이해하고 상반신 전체를 고속으로 연속 제어하는 로봇용 인공지능(AI)을 선보였다. 산업용 로봇보다 만들기 까다로운 가정용 로봇 기술 진화에 대한 기대감이 커지고 있다.피규어AI는 20일(현지 시간) 자사 유튜브에 로봇용 AI 모델인 ‘헬릭스(Helix)’를 적용한 로봇이 작동하는 내용의 영상을 공개했다. 헬릭스는 로봇이 주변을 보고, 이용자의 명령을 이해한 후 스스로 행동하는 ‘시각-언어-행동(VLA)’ 모델이다. 영상에는 피규어AI의 최신 휴머노이드 로봇 ‘피규어02’ 두 대가 주방에 나란히 서 있다.  사람이 장을 본 물건들을 주방 선반 위에 올려놓고 ‘물건들을 정리해줘’라고 말하자, 로봇은 선반 위의 물건들을 응시한 후 냉장고에 넣을 것과 수납 선반에 둘 것을 분류하며 정리하기 시작했다.  달걀·치즈는 냉장고에 넣고, 냉장 보관이 필요 없는 쿠키는 선반에 두는 식이다. 이 중 한 로봇이 치즈를 집어 냉장고에 더 가까이 서 있는 다른 로봇에게 물건을 건네는 식의 ‘협업’도 수행했다. 케첩은 냉장고 문 쪽에 수납하는 정교함도 보였다.휴머노이드 로봇은 산업용으로 주로 개발되어 왔지만, 향후 가사노동을 대신하는 가정용 로봇으로 빠르게 진화할 수 있는 가능성을 보여줬다는 것이 회사 측 설명이다. 피규어AI 측은 “통제된 산업 환경과 달리 가정은 섬세한 유리 제품, 구겨진 옷, 흩어진 장난감 등 셀 수 없이 많은 물건으로 가득 차 있어 로봇 공학의 가장 큰 과제였다”고 설명했다. 2022년 설립된 피규어AI는 테슬라와 함께 휴머노이드 로봇 기술에서 가장 앞선 것으로 평가받고 있다. 현재 395억 달러(약 57조 원)의 기업 가치를 인정받으며 투자를 유치하고 있다. 지난해 투자 유치에는 마이크로소프트(MS)와 오픈AI, 엔비디아, 아마존 창업자 제프 베이조스 등이 참여했다. 그간 챗GPT 개발사 오픈AI와 차세대 휴머노이드용 AI 모델 개발을 위해 협력해 왔지만 최근 협력 관계를 종료했다."
24,"'국평 40억' 족쇄 푼 강남 집값 불붙었다…""서울 전체 확산은 어려워""","강남3구 토지거래허가구역 해제 후 아파트값 평균 1억 상승



서울 송파구 롯데월드타워 서울스카이에서 바라본 서울 송파구 잠실 아파트단지 모습. 2025.2.13./뉴스1 ⓒ News1 박세연 기자(세종=뉴스1) 조용훈 기자 = 토지거래허가구역에서 벗어난 서울 강남3구(서초·송파·강남)의 아파트 매맷값 상승세가 가파르다. 주요 단지를 중심으로 신고가를 기록하는 사례가 나오는 가운데, 국민평형으로 불리는 전용면적 84㎡가 40억 원에 매매되기도 했다. 일각에서는 강남권 집값 과열이 서울 전역으로 번지기 쉽지 않다고 봤다.23일 부동산 전문 리서치업체 리얼투데이에 따르면 국토교통부 실거래가 자료(21일 기준)를 분석한 결과, 토지거래허가구역이 해제된 12일부터 20일까지 강남3구 아파트 평균 거래 가격은 24억 5139만 원으로 토지거래허가구역 해제 전인 이달 1일부터 11일까지(22억 6969만 원)보다 8.0%(1억 817만 원) 오른 것으로 나타났다.이는 토지거래허가구역 해제로 그동안 억눌렸던 강남3구의 매수세가 다시 살아났기 때문으로 풀이된다. 앞서 이달 12일 서울시는 강남구 삼성동·대치동·청담동과 송파구 잠실동에 위치한 아파트 305곳 중 291곳의 토지거래허가구역 지정을 해제했다.반면 같은 기간 강남3구를 제외한 나머지 22개 구의 평균 거래 가격은 9억 1859만 원으로, 평균 2.6%(2462만원) 하락했다.강남지역 아파트 매수심리도 살아나고 있다. 한국부동산원에 따르면 이달 17일 기준 강남지역 매매수급지수는 전주(99.9)보다 0.6포인트(p) 오른 100.5로, 9주 만에 다시 기준선을 돌파했다. 강남 3구가 속한 동남권은 한 주 새 1.3p(100.2→101.5) 상승하며 5주 연속 오름세를 이어갔다. 매매수급지수는 아파트 매매시장의 수요·공급 비중을 지수화한 것으로, 기준선(100)보다 수치가 높을수록 집을 '팔려는' 사람보다 '사려는' 사람이 더 많다는 의미다. 100보다 낮으면 그 반대를 뜻한다.



서울 송파구 한 부동산중개업소. 2025.2.21/뉴스1 ⓒ News1 박세연 기자토지거래허가구역 지정이 해제된 주요 단지에서는 연일 상승 거래가 쏟아지고 있다. 서울 송파구 잠실동 트리지움 전용 84㎡는 이달 17일 26억 원에 거래되며 6일 거래가(24억 8000만 원) 대비 1억2000만 원 올랐다. 바로 옆 리센츠 전용 84㎡ 역시 14일 한 주 만에 5000만원 오른 27억 5000만 원에 거래 신고됐다.특히 강남구 대치동 래미안대치팰리스는 이달 13일 직전 거래가(35억 5000만 원) 대비 12.7%(4억 5000만 원) 뛴 40억 원에 거래됐다.이 같은 집값 과열은 일시적 현상으로 분석됐다. 송승현 도시와경제 대표는 ""이번 토지거래허가구역 해제로 인한 영향은 강남권 등에서 주로 나타날 것""이라며 ""정책 효과가 숙성되면 시장 기대감도 사그라지면서 조정을 받을 가능성이 있다""고 말했다."
25,"‘동반 적자’ 배터리 3사, 신기술·신제품·신개념으로 돌파구 찾는다","전기차 판매 부진으로 지난해 4분기 사상 최초로 ‘동반 적자’를 기록한 LG에너지솔루션 등 국내 배터리 업체 ‘빅3’가 신기술과 신제품, 신개념으로 흑자 전환을 노린다.배터리 빅3는 도널드 트럼프 미국 대통령이 전기차 의무화 정책을 폐기하면서 전기차 판매 부진이 일시적 정체가 아닌 장기화할 조짐이 있고, 완성차 업체들도 전기차 생산량을 줄이고 있어 올해도 적자가 이어질 것을 우려하고 있다. 이 같은 위기 상황을 차세대 전고체 배터리와 신형 원통형 배터리, 최신 열 폭주 방지 기술 등으로 판매 부진에 대응한다는 전략이다.23일 업계에 따르면 LG에너지솔루션·삼성SDI·SK온 등 국내 배터리 3사는 다음달 5∼7일 열리는 국내 최대 배터리 전시회 ‘인터배터리 2025’에서 최신 기술과 제품을 선보인다.



LG에너지솔루션이 개발한 차세대 원통형 46시리즈. LG에너지솔루션 제공LG에너지솔루션은 이번 전싱서 차세대 원통형 배터리 46시리즈를 공개한다. 회사는 이날 공식 유튜브와 링크트인 채널을 통해 46시리즈의 티저 영상을 올렸다. LG에너지솔루션이 공식적으로 46시리즈를 선보이는 것은 이번이 처음이다.46시리즈는 현재 전기차에 적용 중인 2170(지름 21㎜ · 길이 70㎜) 원통형 배터리보다 에너지 용량과 출력이 6배 이상인 것으로 전해졌다. 배터리팩 구조도 간단해 셀 수를 줄이면서도 높은 에너지 효율성을 제공할 수 있다는 게 회사 측 설명이다.보통 2170 배터리의 경우 차량 1대에 4500개의 셀이 필요하지만, 4680 크기의 경우 750개만 넣으면 같은 에너지를 낼 수 있다. 배터리 내부의 폭발 에너지를 외부로 빠르게 배출시켜 셀의 저항을 줄임과 동시에 안전성, 연쇄 발화 방지 안전성을 확보한 것도 특징이다.SK온은 원통형 실물 모형을 처음으로 공개하는 등 3대 폼팩터(파우치형·각형·원통형)를 모두 전시한다. 또 각형 배터리는 양방향에 이어 단방향 모델도 내놓고, 각형 배터리에 적용된 Z-폴딩 스태킹 기술 및 급속충전 솔루션도 소개한다. SK온은 케미스트리(양극·음극 소재)를 달리한 제품들도 선보일 예정이다. 가격경쟁력, 성능, 수명, 안정성을 고루 갖춘 고전압 미드니켈 배터리도 처음 공개한다.미드니켈 배터리는 NCM(니켈∙코발트∙망간) 양극 소재에서 니켈 함량이 50~70%인 배터리를 말한다. 고에너지밀도의 하이니켈 배터리와 가격경쟁력과 열안정성을 지닌 LFP(리튬∙인산∙철) 배터리의 균형 잡힌 특성을 보여 ‘가성비’를 선호하는 현 시장 트렌드와 잘 맞는 제품으로 평가받고 있다.



‘인터배터리 2025’ SK온 부스 조감도. SK온 제공SK온은 배터리 안전과 관련된 최신 기술도 선보인다. 기존 설계 개념과 달리 배선이 필요 없는 차세대 무선 BMS(Battery Management System)도 공개한다. 배터리 셀 탭에 부착된 무선 칩이 수집한 정보를 모듈의 안테나가 BMS에 무선으로 전송하는 방식이다.삼성SDI는 최근 상품화 적용 검토를 완료한 ‘열전파 차단(No TP)’ 기술과 전고체 배터리(ASB), 셀투팩 제품 등을 선보인다. No TP는 배터리 특정 셀에 문제가 생기면 다른 셀로 열이 전파되는 것을 막아주는 기술이다.전기차 등에 사용될 경우 대변혁이 예상되는 전고체 배터리 개발 현황도 소개한다. 전고체 배터리는 고체 전해질을 사용해 안정성이 높고 화재 위험성은 낮아 ‘꿈의 배터리’로 불린다. 삼성SDI는 지난해 말 일부 고객에게 샘플을 공급했으며 2027년 상용화를 목표로 삼고 있다. 삼성SDI는 ‘50A급 초고출력 원통형 배터리’도 선보인다."
26,“토지거래허가 해제에 집도 안보고 계약”…강남구 평균거래가 8% 껑충,"부동산 시장이 전반적으로 침체한 가운데 서울시가 지난 12일 아파트 수요가 몰리는 송파구 잠실동, 강남구 삼성·대치·청담동 일대의 토지거래허가구역 지정을 해제했다. 사진은 13일 서울 송파구 한 부동산에 부동산 매매 관련 안내문이 붙어 있다. [사진 = 연합뉴스]부동산 시장이 전반적으로 침체한 가운데 토지거래허가구역 해제 이후 강남 아파트가 꿈틀거리고 있다.23일 리얼투데이가 국토교통부 실거래가(21일 기준) 자료를 분석한 결과에 따르면 토지거래허가 구역이 해제된 12일부터 20일까지 강남3구(서초·송파·강남)의 아파트 평균 거래가격은 24억5139만원으로 해제 전인 1∼11일(22억6969만원)보다 8.0% 급등했다.같은 기간 강남3구를 제외한 나머지 22개 구의 평균 거래가격은 9억1859만원으로 2.6%(2462만원) 떨어졌다.서울 전체 평균 거래가는 11억1828만원으로 1.6%(1773만원) 하락했다.이달 1∼20일 기준으로 보면 강남3구 평균 거래가격(23억1119만원)은 전월 동기(22억6472만원) 대비 2.1% 올랐다.같은 기간 나머지 22개 자치구의 평균 거래가는 6.2%, 서울 전체 아파트 평균 거래가는 8.2% 각각 내렸다.대출 규제와 정국 불안정 등의 영향으로 부동산 시장에는 한파가 덮쳤지만 강남3구는 토지거래허가구역 해제 후 상승하고 있다.해제 이전에도 상승세를 보이긴 했지만 12일을 기점으로 동반 하락 지역은 물론 동반 상승하던 지역과도 격차를 벌리고 있다.강남3구와 나머지 자치구 22개의 가격 차를 보면 이달 1∼11일 평균 13억2648만원이던 격차는 12∼20일 15억3280만원으로 15.6%(2억632만원) 확대됐다.



 강남 대치동 학원가 모습. [사진 = 연합뉴스]이 같은 현상은 한국부동산원의 주간 집값 통계에서도 잘 나타난다.이달 셋째 주 기준으로 아파트 가격이 가장 많이 오른 곳은 송파(0.22%포인트), 강남(0.19%포인트), 서초(0.07%포인트)로 집계됐다. 이들 지역은 동반 상승세를 타던 마포(0.0%포인트), 광진(0.04%포인트) 등과도 상승 폭에서 차이를 벌렸다.반면 동대문(-0.05%), 노원·도봉(각각 -0.04%), 금천·구로(각각 -0.01%) 등은 더 하락했다.실제 거래는 송파구의 경우 ‘엘리트’(잠실엘스, 리센츠, 트리지움)를 중심으로 호가가 급등하고 있다.84㎡ 타입 기준으로 트리지움은 지난 17일 26억원에 계약이 체결돼 지난 6일(24억8000만원)보다 1억2000만원 올랐다.리센츠는 8일 27억원에 계약됐지만 14일에는 5000만원 오른 27억5000만원을 기록했다.강남구도 지난해 12월 35억5000만원에 매매가 성사된 래미안대치팰리스가 이달 13일에 4억5000만원 오른 40억원에 계약을 체결했다."
27,땅주인이면 ‘하늘’도 사고팔 수 있나…서울시 ‘용적률 거래제’ 도입 추진,"서울 용산구 남산 고도지구 전경. 용산구 제공서울시가 올해 상반기 중 ‘서울형 용적이양제’ 도입을 추진한다. 용적률 규제를 받는 사업지에서 남은 용적률을 다른 사업지에 팔 수 있는 제도를 만들겠다는 것이다. 국내에는 용적률이 토지주가 소유권을 행사할 수 있는 권리인지에 대한 명확한 국내 규정이 없어 논란이 예상된다.서울시는 지난 2011년에 용적이양제를 추진했으나, 오세훈 당시 시장의 자진사퇴로 계획이 전면 백지화된 바 있다. 결국 14년만에 재추진하는 셈이다.서울시가 추진하는 용적이양제(TDR·Transfer of Development Rights)는 문화유적지 등을 개발할 때 고도제한 등 규제로 원래 받을 수 있는 용적률보다 낮은 용적률을 받았을 경우 남는 용적률을 다른 사업자에게 넘길 수 있도록 한다는 게 주요 골자다.서울시는 올해 상반기 중 제도의 개념과 절차, 관리방안 등을 담은 ‘서울특별시 용적이양제 운영에 관한 조례’ 제정을 위한 입법예고를 추진하고, 하반기부터 ‘서울형 용적이양제’ 본격 시행에 들어간다고 23일 밝혔다.서울시는 “국내 처음으로 도입되는 ‘서울형 용적이양제’는 국토의계획 및 이용에 관한 법률(국토계획법)에 따라 용도지역별 용적률이 정해져 있음에도 다른 법에서 정한 추가적인 밀도제한을 중복적용 받은 지역의 미사용 용적을 다른 지역으로 넘길 수 있도록 하는 제도”라고 설명했다.고도지구, 경관지구, 문화재·학교 주변 지역, 구릉지 등은 용적률를 완화해도 각종 고도규제로 용적률 상한선을 채우지 못한다. 남산 고도지구, 북한산 고도지구, 경복궁 고도지구, 사대문안 원도심 고도지구 등이 대표적인 용적률 규제지역에 해당한다. 일반 정비사업지 내에서도 학교 주변 단지의 경우 학교의 일조권 보장을 이유로 아파트 고도가 제한된다.서울형 용적이양제 14년만 재추진서울시는 고도제한지역 내 용적률 제한 규제를 완화하는 것이 현실적으로 어려운 만큼 ‘쓰지 못한 용적률’을 사고 팔 수 있는 제도를 만들겠다는 취지다.예를 들어 일본 도쿄 마루노우치에 위치한 ‘신마루노우치 빌딩’ ‘그랑도쿄’ 등 6개 빌딩은 문화재로 지정돼 있는 도쿄역의 용적률을 사들여 고층으로 건설된 곳이다. 신마루노우치 빌딩은 용적률 1760% 적용을 받아 38층 고층으로 지어졌으며, 그랑도쿄는 용적률 1300%를 적용받아 43층 초고층으로 건설됐다.서울시는 “제도 도입 초기인 만큼 ‘양도지역 선정기준’은 문화유산 주변지역, 장애물 표면 제한구역 등 장기적으로도 규제완화가 어려운 곳 위주로 선정할 것”이라고 밝혔다.



일본 도쿄 신마루노우치 빌딩 전경. 구글맵문제는 용적률이 토지주가 소유권을 행사할 수 있는 권리인지에 대한 명확한 국내 규정이 없다는 점이다. 용적률은 국토계획법 및 시행령에 따라 용도 지역별로 용적률 상한이 정해진다. 지자체는 조례개정을 통해 개별 용적률을 정할 수 있다. 정부와 지자체에 지정권한이 있는 만큼 개인이 소유권을 주장할 수 있는 대상에 포함된다고 보기 어려운 부분이 있다.또 용적률 거래가 공공기여를 축소하는 역할을 할 우려도 있다. 통상 정비사업에서는 건물의 용적률 완화 인센티브를 제공하면 사업자는 용적률 완화에 따른 이득 일부를 공원, 문화시설, 임대주택 등을 짓는데 활용하는 공공기여를 해야 한다. 그러나 용적률 거래가 허용될 경우 용적률을 사들이는 사업자는 해당 사업지 내에 별도의 공공기여를 하지 않고 용적률 완화 혜택을 볼 가능성도 배제하기 어렵다.서울시는 이같은 ‘서울형 용적이양제’의 국민적 공감대 형성 및 합리적 실행모델 모색을 위해 오는 25일 오후 2시 서울시청 서소문청사 13층에서 도시정책 컨퍼런스를 연다. 또 제도안착을 위해 선도지역을 선정, 서울형 용적이양 선도사업을 시범 추진한다는 계획이다."
28,"최태원 ""트럼프 정부, '보조금 정책' 리뷰 기대...4월쯤 큰 그림 나올 듯""","""한미 시너지 낼 빅 프로젝트 만들어야""""대미 투자 검토하겠지만 인센티브 필요""""인공지능은 미국에 투자하는 게 훨씬 유리"" 



◆…최태원 SK그룹 회장 겸 최종현학술원 이사장이 지난 22일 미국 워싱턴 DC 샐러맨더 호텔에서 열린 AI 관련 특별연설 하고 있다. 2025.2.23 사진=연합뉴스   도널드 트럼프 2기 행정부 출범 이후 처음으로 민간 경제사절단을 이끌고 미국을 찾은 최태원 SK그룹 겸 대한상공회의소 회장이 인센티브가 있다면 미국에 대한 추가 투자를 검토할 수 있다고 밝혔다.   23일 연합뉴스에 따르면 최 회장은 지난 21일(현지시간) 워싱턴 DC의 한 호텔에서 최종현학술원 주최로 열린 '2025 트랜스퍼시픽 다이얼로그'(TPD) 행사장에서 취재진과 만나 ""대미 투자 계획 검토는 계속할 것이다. 비즈니스라는 게 필요한 투자를 하는 것은 당연하다""고 말했다.   최 회장은 이어 ""어느 기업도 '트럼프 시기에 얼마를 하겠다'고 생각하며 다가가지 않고, 이게 내 장사에 얼마나 좋으냐 나쁘냐를 얘기한다""며 ""트럼프 행정부는 미국에 생산 시설을 좀 더 원한다고 얘기하지만, 우리는 인센티브가 같이 있어야 한다""고 말했다.   그러면서 최 회장은 미국이 내놓을 인센티브에 대해선 지켜보겠다는 입장이다. 그는 ""(미국이) 세금도 내리겠다고 얘기를 하는데 아직은 뭐가 나온 게 없다""며 ""좀 더 지켜봐야 계획을 짜거나 무언가를 반영을 시킬 수 있는데 지금은 나온 게 없다""고 일축했다.   그는 이어 ""(인센티브가) 꼭 돈만 갖고 따지는 게 아닐 수 있다""며 ""한국과 미국이 같이 해서 서로 좋은 것을 하는 게 지금 필요하다. 같이 활동해서 서로 시너지를 얻는 빅 프로젝트를 만들어서 해야 한국도 지금 같은 트렌드 파도에 잘 탈 수 있다""고 덧붙였다.   미국이 투자처로서 매력적이지 않을 수 있다는 지적엔 ""산업 분야마다 상황이 다 다르다""며 ""솔직히 인공지능(AI) 분야 등은 다른 데 투자하는 것보다 미국에 투자하는 게 훨씬 좋을 수 있다""고 반박했다.   반도체법에 따라 전임 바이든 정부에서 지급하기로 한 보조금 폐지 움직임과 관련해선 ""내가 얘기할 건 아닌데 (이번 방미 기간에 만난 미국) 정계 인사 중 한 분이 '그것은 계속 집행이 잘 될 것이다. 그런 정책이 미국에게 좋은 건데 그걸 왜 안 하느냐'고 얘기했다""며 ""실제로 (보조금 지급은) 자기네 실리를 따져서 하겠다고 생각한 것이다. 무조건 '준다, 안 준다'로 가지는 않을 것""이라고 관측했다.   그러면서 ""(트럼프 정부가) 다시 리뷰를 할 것으로 본다. 최소한 4월쯤이면 무엇인가를 발표한다고 하니 좀 기다려보자""고 덧붙였다.   앞서 전임 조 바이든 정부는 지난해 SK하이닉스에 최대 4억5800만달러(약 6600억원)의 보조금을 제공하는 반도체 지원을 최종 확정했다. 하지만 트럼프 행정부가 반도체 보조금 정책을 재검토하겠다고 밝히면서 보조금 수령 여부조차 불확실해진 상황이다.   글로벌 파운드리(반도체 위탁생산) 1위인 대만 TSMC에 미국 인텔 공장 인수 타진을 압박한다는 소식에 대해선 ""압박을 한다? 나는 그렇게 안 보인다""라고 선을 그었다.   이번 민간 경제사절단의 방미 성과를 묻자 ""가능하면 그들(미국 측)이 흥미로워할 얘기를 한다는 게 계획이었고 그런 측면에서 성과가 있었다""며 ""같이 해서 서로 좋은 얘기가 있어야 되는 것을 준비했고 (미국 측이) 6개 분야(조선·에너지·원자력·AI반도체, 모빌리티·소재부품장비)를 상당히 좋아한다는 생각이 든다""고 긍정적인 평가를 했다.   그는 미국과 관세 협상에 나설 때 한국 정부에 전달할 당부 사항이 있느냐는 질문에는 ""잘 전해드리도록 하겠다. 그리고 협상은 잘해야 한다""고 답했다."
29,"SK하이닉스, 내달 인텔 낸드사업부 인수 완료","인텔에 2차 잔금 22억 달러 지급2020년 사업 다각화 목적 인수 결정



SK하이닉스가 인수한 인텔 낸드 사업부의 중국 다롄 공장 전경. 서울경제DB[서울경제] SK하이닉스(000660)가 다음 달 인텔 낸드 사업부 인수 작업을 마무리하고 사업 전권을 넘겨받는다. 지난해 낸드 부문에서 사상 최대 실적을 올린 SK하이닉스는 중국 공장 등 핵심 자산에 대한 지배력을 온전히 확보해 글로벌 낸드 시장 공략을 가속화한다.23일 반도체 업계에 따르면 SK하이닉스는 다음 달 중 인텔 낸드 사업부 인수를 위한 2차 계약 잔금 22억 3500만 달러를 지급한다. SK하이닉스는 낸드 설계자산(IP)과 연구개발(R&D) 및 생산시설 인력 등을 포함한 법적 소유권을 최종 획득하게 된다.SK하이닉스는 2020년 10월 D램에 집중된 사업 포트폴리오를 다각화하려 인텔의 낸드 사업부 인수를 결정했다. 총 인수금액은 88억 4400만 달러로 국내 기업 M&A로 최대 규모다. 인수 1단계 종결 시점인 2021년 말 66억 900만 달러를 납입했고 솔리드스테이트드라이브(SSD) 사업 부문 등을 이전 받았다.SK하이닉스가 인텔 낸드 사업부를 인수한 것은 기업용 SSD 시장에서 시장 점유율을 확대하려는 포석이다. 인텔은 삼성전자(005930)에 이은 글로벌 2위 낸드 사업자였다. 상대적으로 낸드 부문 경쟁력이 약했던 SK하이닉스는 2위인 인텔 사업부를 인수하며 단숨에 삼성과 양강 체제를 구축했다. SK하이닉스는 최종 인수 절차를 끝내 인공지능(AI)을 발판으로 급성장하는 낸드 시장에서 입지를 강화할 계획이다. 최근 구글·메타 등 빅테크들의 데이터센터 투자가 확대되는 등 AI 시장이 급성장해 SK가 강점을 보유한 고대역폭메모리(HBM) 이상으로 기업용 SSD 제품 수요가 커지고 있다. 지난해 SK하이닉스의 낸드 부문은 사상 최대인 19조 1060억 원의 매출을 올렸다. 2019년 매출이 5조 원 수준에 그쳤으나 5년 만에 4배 성장한 것이다."
30,"""공매도 재개·ATS 출범""…약일까 독일까[K증시 훈풍③]","6개월 간 22조 순매도했는데…외국인 돌아올까



[서울=뉴시스] 정병혁 기자 = 이복현 금융감독원장이 20일 서울 영등포구 한국거래소에서 열린 증시 인프라 개선 관련 열린 토론회에서 모두발언을 하고 있다. 2025.02.20. jhope@newsis.com[서울=뉴시스]우연수 기자 = 공매도가 다음달 1년4개월 만에 전격 재개되면서 외국인 투자자들의 유입 여부에 시장 관심이 쏠리고 있다. 국내 첫 대체거래소(ATS) 넥스트레이드의 출범 역시 자본시장 인프라 선진화 측면에서 국내 시장의 매력을 높일 수 있다는 기대가 나온다.23일 금융당국에 따르면 다음달 31일부터 국내 주식시장에서 공매도가 전면 재개된다. 2023년 11월6일 전면 중단된 지 1년 4개월 만이다.그간 공매도 금지는 글로벌 스탠다드에 역행한다는 비판을 받아왔다. 공매도는 투자자들에게 다양한 선택지를 주는 것은 물론 안좋은 기업의 주가가 과도하게 올라가지 않도록 걸러주는 역할을 하기 때문이다.금융당국에 따르면 지난해 8월부터 올해 1월까지 외국인은 6개월째 국내 주식을 순매도 중이다. 국내 증시의 펀더멘탈 악화뿐 아니라 공매도 금지 정책도 반년 새 외국인이 22조원을 팔고 나간 배경 중 하나로 꼽힌다. 떠났던 외국인들이 공매도 재개 이후 돌아올지 관심이 쏠린다. 금융당국 역시 이 같은 효과를 기대하는듯 3월 말 공매도 재개 일정을 연일 강조하며 글로벌 스탠다드에 맞춰가겠다는 의지를 표명하고 있다.증권가에서는 과거 사례에 비춰봤을 때 공매도 재개가 외국인 유입에 실제로 도움이 될 것으로 보고 있다.정다운 LS증권 연구원은 ""공매도 금지 기간 동안 줄어들었던 외국인의 시장 참여가 다시 회복할 것""이라며 ""이는 과거 3차례의 공매도 금지 후 재개 시점에서 모두 확인할 수 있다""고 설명했다.정부는 2008년 10월~2009년 5월, 2011년 8월10일~2011년 11월9일, 2020년 3월16일~2021년 4월까지 공매도를 금지했다.공매도 거래가 재개되면 한국 주식시장이 모건스탠리캐피털인터내셔널(MSCI) 선진국 지수 편입 조건을 충족하게 돼 외국인 자금 유입이 촉진될 것이란 분석도 나온다. MSCI는 한국의 공매도 금지 정책이 외국인의 투자 접근성을 제한한다고 지적해왔다.특히 공매도 재개와 함께 출범하는 무차입 공매도 방지 전산시스템은 전세계에서 처음으로 시도되는 글로벌 민간협력 체계라는 점에서 당국은 국내 자본시장 신뢰도를 높일 수 있을 것으로 기대하고 있다.다음 달 4일에는 대체거래소(ATS) 넥스트레이드가 출범한다. 주식 거래 가능 시간이 길어지고 새로운 주문 유형이 도입되면서 투자자 유입 효과와 유동성 확대가 기대된다는 분석이 나온다.이복현 금융감독원장은 ""지난 20일 한국거래소에서 열린 '증시 인프라 개선을 위한 열린 토론'에서 ""공매도 전산화, 대체거래소 출범 등 제도들이 우리 자본시장에 안정적으로 정착된다면 글로벌 투자자자들에 대한 우리 시장의 매력도가 제고될 것""이라고 말했다.증권가에서는 단기적으로 유동성이 유의미하게 늘어나길 기대하긴 어렵다면서도 인프라 개선 측면에서 긍정적으로 평가한다는 반응이 나온다.염동찬 한국투자증권 연구원은 ""자본시장 선진화를 위한 인프라 확충 측면에서 긍정적으로 평가한다""며 """"거래 수수료율이 감소하고 새로운 호가 시스템이 도입되고 거래 시간이 연장되는 등 다양한 긍정적 효과를 기대할 수 있다""고 평가했다.다만 ""일본의 경우 전체 거래대금의 11%만 대체거래소에서 이뤄지고 있어 도입 초기부터 유의미한 거래대금 증가 효과를 기대하기는 어려울 것""이라고 말했다．"
31,"""급등주 추천"" 속인 뒤 돈 받고 잠적…불법 투자업자 60명 수사의뢰","지난해 제보·민원 중 1428건 차단 의뢰…혐의 구체적인 건 경찰로금감원 ""불법업자 거래, 손해회복 사실상 불가능…유의사항 숙지""



금융감독원 제공(서울=뉴스1) 박승희 기자 = 금융회사 직원을 사칭해 고수익을 보장한다고 투자자들을 현혹한 뒤 자금을 편취한 불법 금융투자업자들이 대거 적발됐다. 금융감독원은 지난해 접수된 제보·민원 4325건 중 불법 금융투자 혐의 사이트·게시글 1428건을 적발해 방심위에 차단을 의뢰하고, 혐의가 구체적인 60건은 경찰청에 수사 의뢰했다고 23일 밝혔다.수사 의뢰한 불법 금융투자업자 유형에는 증권사 등을 사칭한 투자중개 유형(28건, 46.7%)이 가장 많았다. 주식정보 제공·자문을 빙자한 투자자문 유형도 14건으로 23.3%를 차지했고, 투자매매 유형도 11건(18.3%)으로 뒤를 이었다.지속된 불법 금융투자사기 피해로 국민들의 경각심도 많이 높아졌으나, 불법업자들의 사기 수법 및 범죄유형 또한 점차 고도화‧지능화되는 추세다.최근에는 SNS에서 ‘○○○% 수익, 급등주 추천’ 등의 광고글로 투자자를 현혹한 후 단체 채팅방을 통해 가짜 투자 앱(모바일트레이딩시스템 MTS 등) 설치를 유도해 자금을 편취한 뒤 잠적하는 온라인 투자사기가 성행했다.금감원은 불법업자와의 거래로 발생한 손해는 회복이 사실상 불가능하므로 사전에 유의사항 및 대응요령을 숙지해 피해를 보지 않도록 조심해야 한다고 당부했다.우선 금융투자상품 거래 시 이용하려는 회사가 제도권 금융사인지 금융소비자정보포털 '파인'을 통해 확인해야 한다고 강조했다, 투자를 권유하는 사람이 금융사 임직원인지도 금융사 고객센터를 통해 재직 여부를 확인할 것을 권했다.제도권 금융회사는 단체 채팅방 등을 통해 주식거래 프로그램(HTS 및 MTS) 설치를 유도하지 않는다는 점도 강조했다. 선물거래를 위한 대여 계좌 이용은 불법이므로 단호히 거절하고, 금융회사 등을 가장한 온라인 사설 FX마진 거래도 주의하라고 당부했다. FX마진 거래는 거래 요건을 만족한 금융사를 통해 거래해야 한다. SNS 등을 통해 광고하는 업체가 불법업자인지 먼저 확인하고 의심되면 즉시 거래를 중단하고 신속하게 신고할 것을 요청했다.금감원은 불법 금융투자업자 관련 신고·제보, 자체 모니터링 등을 통해 관련 온라인 차단의뢰 및 수사 의뢰를 신속히 실시할 계획이다. 아울러 금융소비자의 피해 예방을 위해 유의 사항을 지속해서 안내하고 불법행위에 대한 실효성 있는 단속을 위해 유관기관과의 공조를 더욱 강화할 예정이다."
32,"올해 성장률 '1%' 전망에 신문들 ""추경이 민생… 급한 불 꺼야""","영국 리서치업체 올해 한국 경제성장률 1%로 전망매일경제 “이대로 가다간 ‘0%대’ 시대 올 수 있어”한국일보 “적어도 이달 중 추경 여야 합의 이뤄져야”



▲ 사진=gettyimages올해 한국의 경제성장률이 1%에 그칠 것이라는 해외 업체 분석이 나왔다. 신문들은 성장률 전망이 줄줄이 추락하고 있다며 추가경정예산과 실효성 있는 통상 외교가 필요하다는 사설을 냈다. 언론 보도를 종합하면, 영국 리서치업체 캐피털이코노믹스(CE)는 최근 보고서에서 ""한국이 올해 1% 성장하는 데 그칠 것""이라고 밝혔다. CE는 지난달 한국 성장률 전망치를 1.5%에서 1.1%로 하향 조정했는데 이번에 0.1%p를 다시 낮춘 것이다. CE는 ""정치 혼란에 따른 경제심리 위축으로 소비 부진이 불가피하다""며 ""저성장 극복을 위해 한은이 올해 1%p 급격한 기준금리 인하를 단행할 것""이라고 예상했다. 한국일보는 22일자 사설에서 ""이는 글로벌 투자은행 중 가장 부정적인 JP모건의 전망치(1.2%)보다도 낮은 것""이라며 ""아직 기획재정부는 1.8%를 고수하고 있지만 이미 한국개발연구원은 1.6%로 낮췄다. 한국은행도 25일 전망치를 수정한다""고 했다. 그러면서 정부의 추가경정예산 투입을 촉구했다. 한국일보는 ""정부가 나서 추가경정예산이라도 투입해 급한 불부터 끄는 게 중요하다. 관건은 시간이다. 경제를 살리기 위해선 너무 늦지 않게 필요한 자금이 풀려야 한다. 타이밍을 놓치면 효과를 기대할 수 없다""며 ""전문가들은 적어도 이달 중 추경에 대한 여야 합의가 이뤄져야 한다고 주문한다. 추경은 여야 합의 이후에도 정부 편성 과정과 국회 심사까지 통상 2개월 이상 소요되기 때문""이라고 했다. 



▲ 22일자 한국일보 사설.편성된 추경안을 놓고 합의를 이루지 못하는 여야를 향해 한국일보는 ""모두 민생은 안중에도 없다. 여·야·정 국정협의회가 소득 없이 끝난 이유다. 여·야가 정략적 행보와 정치 셈법에만 빠진 사이 골든타임은 또 지나가고 있다. 민생이 무너지면 정권을 잡은들 무슨 소용인가. 싸움도 밥그릇은 깨지 않으면서 하는 게 상도""라고 했다. 경제신문들도 '이대로는 성장률 0%대 시대'가 올 수 있다며 추경을 주문했다. 매일경제는 22일 사설에서 ""저출생·고령화와 생산성 저하로 경제 기초체력을 나타내는 잠재성장률은 이미 1%대로 떨어졌다. 이대로 가다가는 '성장률 0%대' 시대가 올 가능성도 배제할 수 없다""며 ""정치색을 뺀 추가경정예산부터 합의해야 한다. 타이밍을 놓치면 재정을 쏟아부어도 효과를 내기 어렵기 때문""이라고 했다. 



▲ 22일자 동아일보 사설.'관세전쟁'을 선언한 미국과의 관계도 풀어야 할 숙제다. 동아일보는 22일 <올 성장률 1% 전망까지… '빈손' 통상 외교로는 이마저 위태> 사설에서 ""각국 국가 수장이 트럼프 대통령을 찾아가 대미 투자, 미국산 무기 구매 등을 제안하며 관세 예외 인정을 요청하는데 최상목 대통령 권한대행 겸 부총리는 전화 통화도 못 했다""고 지적했다."
33,"결혼 후 부모님 집과 합칠까요?…미혼남녀 48%는 ""반대""","응답자 10명 중 3명은 ""상대 부모님 노후 대비 필수""



[서울=뉴시스] 가연 '배우자 부모님 합가&노후' 조사 (사진=가연 제공) 2025.02.22. photo@newsis.com *재판매 및 DB 금지[서울=뉴시스]이승주 기자 = 미혼남녀 절반 정도는 배우자 부모님과의 합가를 반대하는 것으로 나타났다. 결혼정보회사 가연은 지난달 2539 미혼남녀 500명을 대상으로 '2025 결혼 인식 조사'를 진행하고 이 같은 결과를 23일 밝혔다. 조사 결과에 따르면, 배우자의 부모님과 합가하는 것에 대해 반대가 48%로 가장 높게 집계됐고, 찬성은 6.4%에 불과해 약 8배 차이 나는 것으로 드러났다.  상황에 따라 논의할 여지가 있다는 의견은 41.8%, 배우자의 의견에 적극 따르겠다는 의견은 3.8%를 차지했다. 이어 결혼 고려 시 '배우자 부모님의 노후 대비'에 대한 의견을 함께 물었다. 여기에는 집과 소득, 연금 등을 포함했다. 응답자 56.6%는 '(노후 대비가)돼 있으면 좋지만, 결혼을 다시 생각할 정도는 아니다'를 선택했다. 이어 ‘필수로 노후 대비 돼 있어야 한다(20.8%)'와 '준비돼 있지 않으면, 결혼을 다시 생각해 볼 것이다(14.6%)'처럼 상대 부모님의 노후 대비를 고려하는 이들은 10명 중 3~4명이었다. 그밖에 '노후 대비가 돼 있지 않아도 상관없다(7.2%)', '기타(0.8%)' 순으로 확인됐다.이번 조사에서는 남성과 여성의 응답도 상당한 차이를 보였다. 배우자 부모님과의 합가에 반대한 남성은 30%, 여성은 66%였고, 찬성한 남성은 10.4%, 여성은 2.4%였다. 또 상대 부모님의 노후 대비를 필수로 생각하는 남성은 24.4%, 여성은 46.4%로 드러나 시가와의 관계를 중요시하는 여성이 많은 것으로 풀이된다. 한원정 가연 커플매니저는 ""결정사에서는 가족관계증명서로 인증을 거치는 게 필수이며, 부모님 직업 및 집안 경제력 등의 요소를 참고할 수 있다""며 ""보통은 가정 환경과 분위기 등이 서로 비슷한 사람과 만나기를 원하나, 개인마다 선호·취향이 워낙 다양해서 무조건적이지는 않다""고 말했다.아울러 ""아무래도 부모님 노후 대비가 잘돼 있다면 안정적인 부분을 어필할 수 있는데, 만약 그렇지 않더라도 충분히 서로 조율해서 기준을 맞춰 정하면 된다""고 덧붙였다."
34,신축 아파트 두고 고질적인 가구업체 담합… 끝이 안 보인다,"반도건설 발주 8년간 담합… 매출 949억공정위, 13개 업체에 과징금 51.7억 부과중소 건설사 발주 조사 중… 더 적발될 듯



반도건설이 발주한 빌트인 가구 구매 입찰 담합에 참여한 한 가구업체의 시안. 공정거래위원회수년간 건설사 빌트인 가구 입찰을 두고 사전에 낙찰예정자를 합의하거나 투찰가격을 공유하는 방식으로 짬짜미 해온 업체들이 공정거래위원회 제재를 받게 됐다. 신축 아파트, 오피스텔 등 분양가를 끌어올리는 고질적인 가구업체 간 담합이 끊이지 않고 있다.공정위는 반도건설이 발주한 빌트인 특판가구 구매 입찰 관련 담합을 도모해 공정거래법을 위반한 가구 제조·판매업체들에 시정명령을 내리고 과징금 총 51억7,300만 원을 잠정 부과하기로 결정했다고 23일 밝혔다.제재 대상엔 한샘, 현대리바트, 에넥스, 넵스, 선앤엘인테리어, 에몬스가구, 매트프라자, 우아미, 우아미가구, 리버스, 동명아트, 한특, 위다스 등 13개 업체가 지목됐다. 조사 결과, 이들은 2014년 1월부터 2022년 3월까지 약 8년간 담합 행위를 벌인 것으로 파악됐다.반도건설은 가구업체들의 입찰 가격과 신용평가 결과 등을 고려해 입찰참여업체를 지정, 최저가 투찰 업체와 계약하는 제한경쟁입찰을 실시해왔다. 가구업체들은 저가에 수주하게 되는 일을 방지하기 위해 입찰 전 모임, 유선 연락을 통해 사전에 낙찰예정자를 결정했다. 



반도건설이 발주한 빌트인 가구 구매 입찰에서 담합한 업체들이 주고받은 이메일 내용. 공정거래위원회이들은 이메일, 카카오톡 등으로 견적서를 공유해 투찰가격을 합의했다. 낙찰예정자를 명시적으로 정하지 않고 견적서 교환을 통해 입찰가격만을 합의하기도 했는데, 입찰가가 기재된 견적서를 공유받은 업체는 그 가격 이상을 적어 투찰하는 식이었다. 이 같은 담합을 통해 올린 관련 매출액은 949억 원에 달한다. 공정위 관계자는 ""앞선 민간 건설사 발주 특판가구 입찰 담합 사건들 관련 매출액은 총 1조9,000억 원에 달했다""며 ""대다수 국민 주거공간인 아파트 분양원가 상승에도 일부 영향을 미친 것으로 평가된다""고 분석했다.공정위는 2023년 4월 검찰 고발요청에 따라 2조3,000억 원대 가격 담합에 가담한 한샘 등 8개 가구업체와 전현직 임직원 12명을 고발한 바 있다. 기소된 이 중 11명이 지난해 6월 1심에서 10개월~1년 징역형 집행유예 선고를 받았고, 법인엔 각 1억~2억 원 벌금형이 내려졌다.아울러 지난해 4월엔 한샘 등 31개 가구 제조·판매업체가 24개 건설사 발주 특판가구 구매 입찰에서 10년간 담합한 정황을 적발해 과징금 931억 원을 부과했고, 이번 조치는 중소형 건설사 발주 건에 대한 후속 조사 결과다. 공정위 관계자는 ""다른 중소형 건설사 발주 입찰 담합도 조사가 진행 중""이라고 밝혔다. 연관기사• ""이대로 천년만년~""...한샘 등 가구사 2조 담합, 931억 과징금(www.hankookilbo.com/News/Read/A2024040713520004989)• '2.3조 원대 입찰 담합' 가구업체 전현직 임직원들 유죄(www.hankookilbo.com/News/Read/A2024060417160005260)• 올림픽파크포레온 등 시스템가구 입찰 담합 가구업체들에 183억 과징금(www.hankookilbo.com/News/Read/A2025021314110005372)"
35,컬리에서 에르메스 판다… 명품에 손대는 이커머스,"프랑스 유명 브랜드 ‘에르메스 퍼퓸&뷰티’는 올해 2월 뷰티컬리에 입점했다. 컬리 제공경기침체 장기화 현상으로 기대 이하의 성적표를 받아든 유통업계는 새로운 사업 모델을 찾기 분주한 모습이다. 그중 이커머스 기업들은 명품 판매를 시작하면서 외연을 확장하는 데 주력하고 있다. 불황에도 잘 팔리는 명품 특성상 안정적으로 수익을 확보할 수 있고 장기적으로는 브랜드 이미지 제고 효과까지 볼 수 있다는 점에서 주목받는다.리테일 테크기업 컬리는 올해 2월 프랑스 유명 브랜드 ‘에르메스 퍼퓸&뷰티’가 뷰티컬리에 입점했다고 23일 밝혔다. 에르메스는 뷰티컬리에서 향수·바디·메이크업 등 총 26개 상품을 선보이고 있다. 앞서 컬리는 2022년 뷰티 전문 플랫폼 뷰티컬리를 오픈한 이후 공격적으로 사세를 확장해 왔다. 신선식품 새벽배송 서비스에서 한 발 더 나가 외형을 키운 것이다.2023년 아르마니 뷰티가 들어온 것을 시작으로 명품 브랜드를 계속해서 입점시키고 있다. 지난해 말부터는 명품 패션에도 손을 대며 루이비통·셀린느 등 명품 브랜드의 의류 및 패션잡화까지 판매 중이다. 뷰티컬리의 지난해 럭셔리· 뷰티 부문 성장률은 약 40%를 기록했다. 통계청이 발표한 2024년 온라인 화장품 부분 성장률인 7.5%의 5배가 넘는 수치다.



최근 럭셔리 뷰티 버티컬 서비스 R.LUX(알럭스)에 조말론 런던이 입점했다. 쿠팡 제공쿠팡도 지난해 10월부터 럭셔리 뷰티 서비스인 ‘알럭스’(R.LUX)를 론칭해 운영하고 있다. 쿠팡의 압도적인 입지와 편의성을 적극 활용해 패션·뷰티까지 사업 분야를 넓히겠다는 것이다. 지난 1월에는 조말론 런던이 알럭스에 입점했다. 알럭스에는 로라 메르시에, 랑콤, 데코르테 등 다양한 럭셔리·뷰티 브랜드가 입점해 있다. 쿠팡은 여러 명품 브랜드들과 입점 여부를 조율하고 있는 것으로 전해졌다.다른 이커머스 기업들의 상황도 비슷하다. 수익성 개선 노력을 이어가고 있는 롯데온은 신규 뷰티 버티컬 어플리케이션 출시를 검토하면서 신사업 기획 인력을 보강하고 있는 것으로 알려졌다. 이밖에도 11번가, SSG닷컴 등도 명품 전문관을 운영하며 새로운 수요를 찾기 위해 열을 올리는 분위기다.과거 명품시장은 백화점 등 오프라인 채널의 전유물로 여겨졌지만, 소비자들의 인식이 바뀌면서 온라인에서 명품을 구매하는 경우도 많아졌다. 시장조사 전문업체 유로모니터에 따르면 국내 온라인 명품 시장 규모는 2022년 2조4425억원에서 지난해 2조6405억원(추정)으로 큰 폭의 성장세를 보이고 있다.



서울 시내의 한 백화점 샤넬 매장의 모습. 뉴시스명품은 대표적인 유통업계 효자 품목 중 하나다. 객단가가 높고, 경기의 영향을 덜 받기 때문이다. 럭셔리 브랜드들은 매년 가격 인상을 반복하면서 세간의 비판을 받지만, ‘오픈런’ 행렬은 줄어들 기미가 보이지 않는다. 특히 뷰티 제품군은 상대적으로 적은 가격에 명품을 갖는 경험을 준다는 점에서 ‘스몰 럭셔리’의 선두주자로 평가받는다. 주로 가성비를 앞세워 장사하는 이커머스 기업으로서는 명품 판매량이 늘수록 플랫폼 이미지가 제고되는 것도 장점이다.다만 이커머스 기업들 간 경쟁이 과열 양상을 보일수록 또 다른 ‘치킨게임’이 시작될 수 있다는 우려도 제기된다. 1년 사이 여러 온라인 명품 플랫폼들이 서비스를 중단하거나 리뉴얼을 이유로 홈페이지 운영을 멈추기도 했다. 포화에 가까운 내수 시장 특성상 대형 이커머스 기업들의 수익성도 예상치보다 낮을 가능성도 있는 셈이다. 최근 불거진 가품 판매 논란도 리스크로 작용할 수 있다.그럼에도 유통업계는 명품 시장을 블루오션으로 보고 있다. 유통업계 관계자는 “명품도 종류가 다양하다. 이커머스에서는 하이엔드부터 중저가 브랜드에 이르기까지 옵션이 다양하고, 소비층도 연령대를 가리지 않는다”며 “이커머스 기업들은 입점 브랜드를 늘리고, 유통마진을 줄여 가격을 백화점 등 오프라인 매장과 차별화를 해 경쟁력을 높일 것으로 보인다”고 말했다."
36,"""국민 55%는 '국장'보다 '미장' 선호…이유는 美 기업 혁신성""","대한상의, 한미 자본시장 인식 조사…밸류업 과제로 투자자 세제인센티브 확대(서울=연합뉴스) 장하나 기자 = 이른바 '서학개미'의 미국 주식 보관액이 사상 처음으로 1천억달러를 넘기는 등 미국 자본시장 투자에 대한 관심이 커지는 가운데 국내 투자자들이 미국 자본시장을 선호하는 주된 이유는 기업의 혁신성이라는 조사 결과가 나왔다.



미국 S&P500과 나스닥 지수 등이 표시된 하나은행 본점 딜링룸 현황판[연합뉴스 자료사진]    23일 대한상공회의소에 따르면 대한상의가 지난 17∼18일 자체 온라인 플랫폼인 '소플'(sople.me)을 통해 국민 1천505명을 대상으로 '한미 자본시장에 대한 국민인식 조사'를 실시한 결과, 응답자의 54.5%는 한미 자본시장 중 미국 자본시장을 더 선호한다고 답했다.    국내 자본시장을 선호한다는 응답은 23.1%에 그쳤다. 양쪽 투자 선호도가 비슷하다는 답변은 22.4%였다.    미국 자본시장에 투자하는 이유로는 기업의 혁신성·수익성(27.2%)을 가장 많이 꼽았고, 이어 활발한 주주환원(21.3%), 국내 증시 침체(17.5%), 미국 경제 호황(15.4%), 투명한 기업지배구조(14.8%), 투자자 친화적 세제·정책지원(3.8%) 등의 순이었다.    대한상의 관계자는 ""최근 국내에서 이사의 주주 이익 보호 의무를 강화하는 상법 개정 등 지배구조 규제가 밸류업(기업가치 제고)의 정답처럼 여겨지고 있지만, 국민은 주로 미국 기업의 혁신성과 수익성을 보고 투자하고 있으며 지배구조를 보고 투자했다는 응답은 상대적으로 적었다""고 말했다.



미국 자본시장에 투자하는 이유[대한상의 제공. 재판매 및 DB 금지]    국내 투자자의 미국 증시 선호 현상은 앞으로도 늘어날 것으로 전망됐다.    향후 미국 자본시장에 투자를 확대할 의향이 있다는 응답자는 전체의 79.0%였다. 현상 유지는 15.3%, 축소 의향은 5.7%에 그쳤다.    반면 국내 자본시장의 투자를 확대 의향이 있다고 답한 응답자는 54.3%였고, 현상 유지 26.6%, 축소 의향 19.1%로 나타났다.    올해 주가는 전반적으로 긍정적인 전망이 우세했으나, 미국 주가가 오를 것이라는 전망(상승 79.3%, 현상 유지 14.0%, 하락 6.7%)이 국내 주가가 오를 것이라는 전망(상승 55.2%, 현상 유지 22.6%), 하락 22.2%)보다 더 많았다.    국내 자본시장이 부진한 이유로는 응답자의 34.6%가 국내 기업의 혁신성 정체를 첫손에 꼽았다. 규제 중심 기업·금융정책(23.6%), 단기적 투자문화(17.5%), 지배구조와 주주환원 미흡(15.4%), 금융투자에 대한 세제 등 지원 부족(6.8%) 등도 언급했다.



대한상의 '밸류업과 주주보호의 주요 쟁점과 과제' 세미나[대한상공회의소 제공. 재판매 및 DB 금지]     국내 자본시장 밸류업을 위한 우선 과제로는 장기보유주식 등에 대한 세제 혜택 도입(26.0%), 배당소득세 인하(21.8%) 등 금융 투자자에 대한 세제 인센티브 확대를 중요하게 여기는 것으로 나타났다.    미국의 경우 주식 보유기간에 따라 1년 초과 보유시 양도소득세가 인하되지만, 우리나라는 보유기간에 따른 세제 혜택이 전혀 없다.    또 우리나라는 배당소득과 이자소득을 합쳐 2천만원을 초과하면 근로소득 등 다른 소득과 합산해 최고세율 49.5%로 누진과세(국세+지방세)하는 반면 미국은 국세 기준 0∼20%로 분리과세하고 있다.    정부가 이미 발표한 자본시장 발전방안 중에서는 개인종합자산관리계좌(ISA) 납입·비과세 한도 확대(31.0%), 밸류업 우수기업 세제 인센티브 도입(28.9%), 상장기준 강화·좀비기업 퇴출 활성화(20.3%), 퇴직연금 수익률 제고(19.8%) 등이 중요과제로 꼽혔다. 다만 이중 ISA 혜택 확대와 밸류업 인센티브 관련 법안은 아직 국회에서 통과되지 않았다.    강석구 대한상의 조사본부장은 ""자본시장 밸류업은 새로운 규제의 도입이 아니라 기업의 혁신성장을 촉진하고, 그러한 혁신기업에 투자하는 투자자에게 인센티브를 늘리는 방식으로 해야 한다""며 ""국회는 지배구조 규제를 위한 상법 개정이 아니라 문제가 되는 사안에 대해서만 핀셋 개선하는 자본시장법 개정을 논의해주기를 바란다""고 말했다.    hanajjang@yna.co.kr"
37,"""국힘 전광훈 2중대…시대의 흐름 보지 않고 이재명 뒤만 쫓아""","더불어민주당 김민석 최고위원, ""국힘 시대 요구에 근본적으로 다시 생각해야""



김민석 최고위원(왼쪽부터)과 이재명 더불어민주당 대표. 사진=한국경제신문 강은구 기자더불어민주당 김민석 최고위원은 23일 ""이재명 대표는 최근 민주당의 중도보수 지향을 강조해 국민 통합정치의 기초를 닦기 시작했다""며 ""국민의힘도 시대의 요구에 대해 근본적으로 다시 생각해야 할 것""이라고 말했다.김 최고위원은 이날 국회 기자간담회에서 ""왜 이 대표가 대선후보 지지율 1위를 유지하고 국민의힘은 이 대표를 못 이기는가. 이 대표는 시대의 흐름을 보고 가는데 국민의힘은 시대의 흐름을 보지 않고 이재명의 뒤만 쫓아가기 때문""이라며 이같이 말했다.김 최고위원은 ▲ 계엄 사전예고 ▲ 계엄 해제 주도 ▲ 신속한 윤석열 대통령 탄핵 제기 ▲ 성장 회복과 내란극복을 최우선 정책과제로 설정 등을 포함, '이재명의 내란극복 리더십 10가지 포인트'를 정리해 소개하기도 했다.특히 최근 이 대표가 민주당의 정체성을 중도·보수로 설정한 것에 대해서는 ""극우화한 국민의힘 대신 더 폭넓은 국민의 요구를 책임 있게 수용할 길을 열게 된 것""이라고 평가했다.그는 ""내란 극복에 동의하는 진보·보수·중도의 당 내외 정치세력과 연대하면서, 이 대표의 통합 정치는 더욱 발전할 것""이라며 ""이재명의 리더십은 국민을 믿고 변화에 대처하는 실용주의다. 부동의 1위 지지율은 이런 시대적 흐름에 부응한 리더십을 국민이 평가했기 때문""이라고 말했다.김 최고위원은 ""그러나 국민의힘은 내란옹호·이재명 때리기·무조건 반대에만 몰두하며 '극우 전광훈 2중대'가 돼 버렸다""며 ""이러니 백날 이재명을 욕해도 이재명에게 지는 것이 당연하다""고 비판했다.김 최고위원은 ""중도실용인가, 극우 극단인가 묻는다면 답은 명확하다. 솔직히 국민의힘이 변하지 못할 것으로 보지만, 지금처럼 가면 시대착오적 만년 야당이 될 것""이라며 변화를 촉구했다."
38,`넘사벽` 삼성화재에 DB손보 VS 메리츠 `2위 각축전`,"DB손해보험 사옥(왼쪽), 메리츠타워. [각 사 제공]    DB손해보험과 메리츠화재가 손보업계 2위를 두고 엎치락뒤치락 경쟁하고 있다. 지난해 역대급 실적을 이어가며 DB손해보험이 연간 실적으로는 다시 2위 자리를 차지했지만, 4분기만 보면 메리츠화재가 235억원가량 소폭 앞지른 것으로 나타났다. 23일 보험업계에 따르면 삼성화재는 지난해 2조736억원(지배주주 지분 기준)의 순익을 올리며 '부동의 1위'를 사수했다. 특히 삼성화재는 손보업계 최초로 순익 '2조 클럽'을 달성했다. 그 다음으로 DB손해보험(1조7722억원), 메리츠화재(1조7105억원), 현대해상(1조307억원), KB손해보험(8395억원) 순으로 나타났다.선두권 경쟁이 치열한 가운데, 2년 연속으로 2위와 3위 간 순익 격차는 크지 않았다. 지난해 DB손해보험과 메리츠화재 간의 순익 격차는 617억원에 불과했다. 지난 2023년의 경우 메리츠화재(1조5670억원)가 300억원가량 DB손해보험(1조5370억원)을 따돌렸다.4분기 순익만 보면 메리츠화재가 지난 2년간 모두 앞섰다. 지난해 4분기 기준으로 메리츠화재(2178억원)가 DB손해보험(1940억원)을 238억원가량 앞질렀다. 2023년 4분기 역시 메리츠화재가 약 99억원 앞선 것으로 나타났다.지난해 4분기의 경우 무·저해지 보험 해지율 관련 새 계리가정 반영 등에 따라 손실계약 발생으로 1년 전보다 순익이 급감했다. DB손보의 하락 폭이 약 26%로, 메리츠화재(약 20%)보다 더 컸다.두 손보사는 새 회계제도로 수익성이 높은 장기 보장성 보험 판매에 주력하며 호실적을 이어가고 있다. 장기보험 중심의 수익성 확보에 집중한 결과 DB손해보험과 메리츠화재의 장기보험 손익은 각각 1조3460억원, 1조4767억원으로 호조세를 지속했다. 보험손익에서 해당 손익이 차지하는 비중은 83%, 96%로 상당했다.투자손익도 증가세로 두 회사 모두 우수한 자산운용 역량을 나타냈다. DB손해보험은 전년 대비 59% 증가한 7440억원, 메리츠화재의 경우 25% 오른 7616억원이었다.DB손해보험은 다른 보험 부문에서도 양호한 실적을 보였다. 지난해 자동차보험 손익은 정비수가 인상, 손해율 급등 등에도 1710억원의 흑자를 달성했다. 일반보험 손익도 1020억원을 기록하며 전년 대비 흑자 전환했다. 메리츠화재는 같은 기간 자동차보험에선 109억원의 순손실로 적자로 돌아섰으며, 일반보험 손익은 453% 급증한 679억원이었다.신계약 보험계약마진(CSM) 확보 경쟁에선 DB손해보험이 승기를 잡았다. DB손해보험의 지난해 12월 말 총 CSM 규모는 12조2329억원으로 전년 대비 793억원 소폭 증가했다. 메리츠화재는 1년 새 신계약 CSM을 1조4000억원가량 확보하며 총 11조1879억원을 기록했다. DB손해보험 측은 높은 담보 중심의 매출 활성화와 높은 계약 효율성 등으로 보장성 CSM 배수는 17.8%로 업계 수준을 차지했다고 강조했다. 메리츠화재의 경우 11.2%였다."
39,퇴직연금 2.4조 원 환승…수익률 높은 증권사로 '머니 무브',"퇴직연금 실물이전 3개월, 3.9만 건증권사 +4000억, 은행 -4611억DC에서 IRP로 이전도 확대 추진



게티이미지뱅크퇴직연금 실물 이전 서비스가 시작한 지 3개월 만에 2조4,000억 원의 자금이 이동한 것으로 나타났다. 더욱 높은 수익률을 지급하는 증권사로의 이동이 두드러졌다.금융감독원은 지난해 10월 31일부터 올 1월 31일까지 총 3만9,000건의 퇴직연금이 이전됐다고 23일 밝혔다.퇴직연금 실물 이전이란 퇴직연금 가입자가 계좌 내 운용 중이던 상품을 매도(해지)하지 않고 다른 퇴직연금 사업자의 계좌로 옮기는 것을 말한다. 실물 이전 서비스를 통해 가입자는 기존 상품의 매도에 따른 비용(중도해지 금리 등)이나 펀드 환매 후 재매수 과정에서 금융시장 상황 변화로 인한 손실(기회비용) 등을 최소화할 수 있다. 지난해 기준 퇴직연금 시장은 400조 원에 달해 타사 고객을 뺏어오려는 실물 이전 경쟁이 치열하게 펼쳐졌다.실물 이전 서비스를 통해 이전된 전체 적립금 중 은행→은행(7,989억 원) 이동이 가장 큰 규모를 차지했다. 은행→증권사(6,491억 원), 증권사→증권사(4,113억 원) 순으로 이동 규모가 컸다.퇴직연금 이전에 따라 증권사는 4,051억 원 순유입을 기록했다. 반면 은행에서는 4,611억 원이 순유출됐다. 이는 증권사가 운영하는 퇴직연금이 상대적으로 높은 수익률을 지급하고 있기 때문으로 분석된다. 2023년 기준 운용 주체별 수익률을 보면 은행은 4.87%, 생명보험사 4.37%, 손해보험사 4.63%, 증권사 7.11%를 각각 기록했다.금감원은 실물 이전 대상을 확대한다는 방침이다. 현재는 확정급여형(DB형), 확정기여형(DC형)과 개인형퇴직연금(IRP) 등 같은 제도 내에서만 이전이 가능하다. 앞으로 DC 계좌에서 타사 IRP 계좌로의 실물 이전도 가능하게 할 방침이다. 이와 함께 계좌 내 보유한 상품의 실물 이전 가능 여부를 실물 이전 신청 전에 조회할 수 있는 사전 조회 서비스를 상반기에 추가 개발할 계획이다."
40,"""수익성 회복 시급한 데""…현대제철, 총파업 위기감 고조","24일 노조 '총파업' 여부 결정현대제철이 안팎으로 시끄럽다. 중국의 저가 공세로 수익성이 급감한 가운데 미국의 관세 부과와 함께 노사 갈등이 더해지며 위기감이 고조되고 있다. 23일 철강업계에 따르면 현대제철 노조 5개 지회(인천·당진·순천·포항·하이스코)는 24일 확대간부회의와 결의대회를 열고 오는 26일부터 27일까지 48시간 총파업 여부를 결정한다. 앞서 현대제철 노사는 지난해 9월부터 진행된 임금 및 단체협상(임단협)을 매듭 짓지 못하고 있다.사측은 최근 교섭을 마무리 하기 위해 경영 성과금과 독려금, 생활안정 지원금과 더불어 기본급 400%와 1000만원을 지급하는 안을 노조에 제시했다. 전 교섭보다 500만원 인상된 제시안이었다. 반면 노조는 그룹사 기준에 맞지 않다는 점을 이유로 이를 거부한 상태다. 노조는 기본급 15만9800원 인상(호봉승급분 제외)과 사상 최대 규모 성과금 지급, 차량 구매 대출 시 2년간 1000만원 무이자 대출 지원, 정년 퇴직자 대상 3년마다 20% 차량 할인 지원 등을 요구하고 있다.앞서 노조는 지난 1월21일과 22일 양일간 충남 당진제철소 냉연공장 파업을 진행한 바 있다. 지난 2일에는 당진과 인천 공장 일부 라인에서 부분파업을 진행했고, 지난 11일에는 '24시간 총파업'에 나섰다.일각에선 노조리스크가 장기화 할 경우 수익성 회복에 걸림돌이 될 수 있다고 우려했다. 최근 현대제철은 수년간 수익성이 지속적으로 악화해 왔다. 금융감독원 전자공시시스템에 따르면 현대제철은 지난해 영업이익이 3144억원으로 전년 대비 60.6% 급감했다. 매출은 23조2261억원으로 10.4% 감소했고, 당기순이익도 1232억원으로 72.2% 줄었다. 앞서 2022년 1조6165억원이던 영업이익이 2023년 7983억원으로 반토막 난데 이어 지난해 3000억원대까지 떨어지며 타격을 입었다.중국산 저가 공세가 주요 원인으로 지목되는 가운데 지난해 유입된 중국산 후판 물량은 역대 최대치를 기록했다. 한국철강협회에 따르면 중국산 후판 수입 물량은 2022년 79만톤에서 2023년 130만톤으로 두 배 가량 늘었고, 지난해에도 137톤(스테인리스 후판 제외)에 달했다.물론 최근 산업통상자원부 무역위원회가 중국산 후판에 대해 업체별로 덤핑방지관세 27.9%~38.0% 예비 판정을 내린 점 등을 통해 2분기 개선 기대감이 언급된다. 반면 트럼프 2기 정부에 따른 미국의 쿼터제 폐지와 25% 관세 부과 등의 난제도 극복해야 하는 만큼 아직 안심하기는 이르다는 평가도 나온다.이현수 유안타증권 연구원은 ""올 1분기는 부족한 영업 일수, 계절적 영향이 생산·판매에 부정적 영향을 주고 있는 것으로 관측되고 파업 이슈도 일부 공장 가동률을 낮춘 것으로 파악된다""고 평가했다.한편 현대제철의 노사 임단협은 최근 몇 년간 해를 넘기는 경우가 잦았다. 앞서 2022년 임단협은 2023년 1월 2일에야 합의됐으며, 2023년 임단협 역시 해를 넘겨 지난해까지 진행된 바 있다. 



현대제철 당진공장. 현대제철 제공"
41,'불닭' 삼양식품 주가 10배 올랐다…작년 이어 올해도 달릴 회사는? [이시은의 투자고수를 찾아서],"투자고수를 찾아서 <39>이호걸 캄투자일임 대표韓도 가치투자 가능하다삼양식품·SK하이닉스 '주목'美엔 메타·넷플릭스 관심""'목계'의 마음으로 투자해야""



사진=연합뉴스※ ‘이시은의 투자고수를 찾아서’는 이시은 한국경제신문 기자가 매주 한경닷컴 사이트에 게재하는 ‘회원 전용’ 재테크 전문 콘텐츠입니다. 한경닷컴 회원으로 가입하시면 더 많은 콘텐츠를 읽어보실 수 있습니다.



“매크로(거시경제) 변수에 질 회사는 애초에 투자하면 안 됩니다.”이호걸 캄투자일임 대표는 지난 13일 한국경제신문과의 인터뷰에서 “‘딥시크 쇼크’든 ‘관세 전쟁’이든 어떤 상황에서도 잘 나가는 회사는 있다”며 “진부하지만 삼양식품과 ‘매그니피센트7(M7)’의 메타가 올해도 그 대상이 될 수 있을 것”이라고 말했다. 서울대 가치투자동아리 ‘스누밸류’ 출신인 그는 2019년 동아리 동료와 레인메이커자산운용을 공동 창업하고 시장에 이름을 알렸다. 2023년부터는 캄투자일임을 세워 국내와 해외 주식 투자에 집중하고 있다.  '불닭' 삼양식품, 9년간 10배 올랐다



이호걸 캄투자일임 대표. /사진=이시은 기자이 대표는 “올해도 국내 증시의 밸류에이션(실적 대비 주가 수준) 부담은 적지만 전망이 밝다고 말하기는 어렵다”며 “관세 충격 같은 단기적 출렁임보다 반도체·차·바이오·화학 등 주요 업종이 중국발 저가 공습에 구조적으로 이익이 감소하고 있다는 점을 유념해야 한다”고 했다. 미 증시도 지난해와 같은 폭발적 상승세를 보이긴 힘들 것으로 전망했다. 국내외 투자처 모두 어느 때보다 개별 기업의 펀더멘털(기초체력)을 주시할 때라는 분석이다.국내 증시에서 이 대표가 주목하는 기업은 작년 254.17%나 급등한 삼양식품이다. 그는 “사실 삼양식품이 우상향하기 시작했던 시기가 2016년이란 점을 많이들 간과한다”고 말했다. ‘불닭볶음면’이 수출이 실적에 반영되기 시작한 때로, 2005년 상장 이후 2만원대를 횡보하던 삼양식품 주가는 이후 2023년까지 10배가 뛰었다. 이 대표는 “이쯤 되면 매운 라면은 잠시 지나가는 유행이 아니라 외국인들 ‘입맛 카테고리’에 정식으로 추가됐다고 판단해야 한다”며 “최근 설립을 결정한 중국 공장이 마련되면 현지 시장 진출이 본격화할 것이고, 유럽·남미 등 공략이 가능한 지역도 무궁무진하다”고 설명했다. 에프앤가이드에 따르면 삼양식품 영업이익은 올해와 내년 각각 26.88%, 25.18% 증가할 전망이다. SK하이닉스 역시 주시하는 종목이다. 이 대표는 “고대역폭메모리(HBM) 경쟁력은 삼성전자와 마이크론이 따라잡기 쉽지 않은 수준이다”라고 말했다. 엔비디아 대체재가 나오더라도 SK하이닉스와 TSMC를 거치지 않으면 제대로 된 HBM을 만들 수 없는 구조가 굳어졌다는 것이다. 올들어 SK하이닉스는 20.47% 오르는 등 선전하고 있다. ""포트폴리오, 국내 30%·해외 70% 권장""



이호걸 캄투자일임 대표. /사진=이시은 기자미 증시에선 메타를 주목하고 있다. 메타는 지난 14일까지 연일 사상 최고가를 경신했다. 이 대표는 “메타의 본질은 광고 기업인데 인공지능(AI) 기술이 실제로 수익을 창출할 수 있는 몇 안 되는 분야”라며 “중국의 딥시크 등장으로 AI 하드웨어(HW)주 투자심리가 얼어붙은 영향과, 스마트 글래스 등 차세대 AI 디바이스 제품군에 대한 기대감도 있다”고 말했다. 글로벌 유료 구독자 증가로 지난해 4분기 ‘어닝 서프라이즈’(깜짝 실적)를 기록한 넷플릭스도 관심 업체로 꼽았다. 이 대표는 “넷플릭스는 온라인동영상서비스(OTT) 경쟁이 극심했던 2022년 이후 경쟁자들을 물리치고 현재까지 400%가 넘는 상승률을 보인 기업”이라며 “넷플릭스는 각국의 방송 생태계를 통합 중인 기업이고 광고 사업이 본격화할 경우 실적이 크게 뛸 수 있는 점도 매력”이라고 짚었다.이 대표는 복잡한 투자 변수 속에서 “‘목계(나무로 만든 닭)’의 격언을 기억하라”고 당부했다. 목계는 『장자』의 ‘달생편’에 나오는 고사다. 최고의 싸움닭은 마치 나무로 만든 닭처럼 평정심을 유지한다는 내용이다. 그는 “작년 12월부터 특히 국내 증시를 향한 투자 피로감이 커졌다”며 “매크로에 흔들리지 않는 기업을 찾아야 한다는 투자의 기본 가치에 충실할 때”라고 말했다. 투자에선 결과보다 과정이 중요하다고도 강조했다. 그는 “남들이 좋다 하는 테마주를 따라가면 잠깐 수익은 낼 수 있어도 차후 그 과정을 반복하며 다시 돈을 잃을 확률이 높다”며 “미국 주식을 70%, 한국 주식을 30%로 배분하고 가치 투자에 집중하다 보면 좋은 결과가 따를 것”이라고 말했다."
42,본토보다 미국서 더 수익률 좋네…흥하는 中기업도 美증시서 투자가 더 이득,"항셍지수 급등에도 美주가가 더 상승중국 정부 규제 등 요인에 불투명성↑미국 시장 선진국 효과로 더 고평가고수익 내려면 ADR 종목 투자 전략



 <이미지=챗GPT 생성>알리바바 등 중국 주요 기업들에 투자할 경우 같은 기업이라도 중국 본토보다 미국에 상장된 종목에 투자했을 때 수익률이 더 좋은 것으로 나타났다. 규제 등으로 인해 중국 증시 불투명도와 불확실성이 높게 평가되면서 생기는 현상으로 분석된다.23일 홍콩증권거래소에 따르면 알리바바그룹홀딩의 주가는 올해 들어 위안화로 65.09%, 홍콩달러로 68.08% 올랐다.미국 뉴욕증권거래소에 상장된 알리바바그룹홀딩스ADR은 같은 기간 69.54% 올랐다. 미국 주식예탁증서(ADR)은 미국 외 국가에 상장된 주식을 미국에서 거래하기 위해 발행하는 예탁증서다.중국 최대 포털사이트인 바이두도 비슷한 모습을 보였다. 홍콩거래소에 따르면 바이두의 주가는 23일 기준 연초 대비 위안화로 7.13%, 홍콩달러로 8.22% 올랐다.같은 기간 나스닥증권거래소에 상장된 바이두ADR의 주가는 8.27% 상승했다.나스닥종합지수는 2.2% 내려가고 홍콩 항셍테크 지수는 6.53% 오른 21일 전까지 홍콩 상장 종목과 ADR 종목의 연간 주가 상승률은 각각 3.39%(홍콩달러)와 6.33%로 두 배 가까이 차이 났다.중국의 전자상거래(EC) 업체인 제이디닷컴(징동닷컴)은 홍콩 증시에서 올 한 해 주가가 위안화로 17.67%, 홍콩달러로 18.82% 올랐다.미국 나스닥에 상장된 제이디닷컴ADR은 올 들어 주가가 22.35% 상승하며 최소 3%포인트 이상 차이 나는 모습을 보였다.전기차 업종에서도 비슷한 상황이 일어났다. 중국의 전기차 제조업체인 샤오펑은 홍콩 증시에서 올해 초부터 주가가 54.13% 올랐으나 미국 증시에서는 55.67% 상승했다.중국 정부 개입 정도가 높아 비교적 투명하고 자유로운 미국 증시에 비해 주가도 평가절하되고 있다는 해석이 나온다.중국 당국은 지난해 5월부터 자국 증시에서 외국인 투자자 거래에 관한 실시간 데이터를 차단하는 등 불리할 수 있는 정보를 숨기며 투자자 진입 장벽을 높이고 있다.지난해 나스닥 분석에 따르면 미국 주식 시장에서 주가는 미래 수익 대비 평균 20.6배로 형성돼 유럽 12.8배, 아시아-태평양 지역 12.6배보다 훨씬 높게 평가받았다.ADR 종목이 안전자산인 달러로 거래되는 것도 주가 우위를 만드는 요인이다.홍콩달러나 위안화로 거래되는 중국 증시 상장 종목보다는 미국 증시 상장 종목의 보유 가치가 더 높은 것이다.중국 기업에 투자하려면 중국 증시보다 오히려 미국 상장 종목에서 기회를 보는 것도 새로운 투자 전략이 될 것으로 전망된다.홍콩과 중국 등 증시에서는 종목 거래 체결 시 최소 거래 단위가 높은 것도 투자자에게 부담이 될 수 있다.홍콩거래소에서 알리바바와 바이두 등 주요 중국 테크 기업은 최소 거래 단위가 100주씩이고 언급된 종목 중 바이두와 제이디닷컴의 경우 50주씩 거래할 수 있다."
43,지난해 '남성' 육아휴직 사용자 첫 30% 돌파,"전체 육아휴직자 13만명…5.2% 증가0세(생후 12개월 이내) 사용 증가 추세중소기업 소속 사용자는 전체의 56.8%지난해 남성 근로자의 육아휴직 사용 비율이 처음으로 30%를 넘겼다. 중소기업과 100인 미만 기업에 소속하는 근로자의 육아휴직 비중은 증가세를 이어갔다. 육아휴직의 경우 자녀가 0세일 때 주로 사용하는 추세였고, 육아기 근로시간 단축은 전 연령대에서 고루 분포했다.



육아휴직 남성 사용자 늘어…中企 사용도 확대 추세고용노동부는 지난해 출산휴가, 육아휴직 등 일·육아지원 제도 혜택을 받은 수급자 수가 25만6771명으로 전년 대비 7.2%(1만7242명) 증가했다고 23일 밝혔다.지난해 육아휴직자는 13만2535명으로 5.2%(6527명) 늘었다. 출생아 수 감소 추세로 2023년에 다소 줄었던 육아휴직 사용자가 지난해 다시 증가세로 전환했다.특히 남성이 육아휴직급여 수급자의 31.6%(4만1829명)를 차지해 처음으로 30%대를 기록했다. 남성 육아휴직자는 빠르게 늘고 있으며, 2015년 4872명(5.6%)이던 규모가 10년 사이 9배 증가했다.고용부는 ""작년 '부모함께 육아휴직제' 시행으로 자녀 생후 18개월 이내 부모가 모두 6개월 육아휴직을 사용하면 월 최대 450만원까지 육아휴직급여를 받도록 지원을 늘린 영향이 큰 것으로 보인다""고 설명했다. 지난해 이 제도의 혜택을 받은 사용자는 5만1761명으로 전년 대비 2.16배 증가했다.자녀 연령별로는 부모 돌봄이 가장 필요한 0세(생후 12개월 이내) 육아휴직 사용이 늘고 있다. 여성은 80.0%, 남성은 46.5%가 자녀 0세 때 육아휴직을 사용했다. 이는 전년 대비 각각 2.1%포인트, 7.5% 상승한 수치다.기업 규모별로 보면 지난해 중소기업(우선지원대상기업) 소속 육아휴직자는 7만5311명으로 전체의 56.8%를 차지했다. 이는 전년 대비 1.2%포인트 상승한 규모다. 100인 미만 소속 근로자도 6만128명(45.4%)으로 비중이 전년 대비 0.9%포인트 상승했다.고용부는 이같은 추세가 올해도 이어질 것으로 보고 있다. 지난달부터 이달 18일까지 육아휴직 사용자 수는 1만8605명으로 전년 동기간 대비 42.6% 늘었다. 특히 남성은 5788명으로 69.2%나 급증했다.



지난해 육아기 근로시간 단축 사용자는 2만6627명으로 전년 대비 14.8%(3439명) 증가했다. 중소기업(우선지원대상기업) 소속 근로자가 전체 수급자의 62.8%(1만6718명)를 차지했다. 특히 10인 미만 소규모 기업 근로자 비중이 24%를 차지해 제도 활용도가 높음을 알 수 있었다.자녀 연령별로 보면 육아기 근로시간 단축은 육아휴직에 비해 전 연령대에서 고루 분포하는 것으로 나타났다. 0~1세 사용이 38.4%로 가장 두드러졌고, 6~7세 사용이 22.5%로 두 번째로 높았다. 육아기 근로시간 단축 평균 사용 시간은 주 12.3시간(일평균 약 2.5시간)으로 나타났다.23일부터 '육아지원 3법' 시행올해는 일하는 부모의 일·가정 양립 지원을 위해 관련 제도를 대폭 확대한다. 지난달부터 육아휴직급여가 월 최대 250만원으로 인상됐고, 급여의 25%를 사후 지급하는 방식도 폐지돼 육아휴직기간 중 전액을 받을 수 있게 됐다. 부모함께 육아휴직제도 첫째 달 급여는 250만원으로 인상됐다.23일부터는 '육아지원 3법'이 시행돼 육아기 근로시간 단축 제도를 초등학교 6학년(만 12세)까지 사용할 수 있게 됐다. 단축시간에 대한 급여(주 10시간 단축 시 최대 월 55만원 지원)와 사용기간(최대 2년→3년)도 확대됐다.김문수 고용부 장관은 ""일하는 부모 누구나 걱정 없이 출산과 육아를 할 수 있고, 경력을 이어갈 수 있도록 올해 확대된 일·가정 양립 제도가 현장에서 잘 안착할 수 있도록 하는 데 주력할 것""이라고 말했다."
44,中서 `신종 박쥐` 코로나…국산 `mRNA` 백신은 2028년에야,"mRNA 국산화 관심 커지는데…대부분 비임상·초기단계 정체코로나19 백신 구매비 7.6조…국산화 전 해외 수입 불가피



사진은 기사 내용과 무관. <아이클릭아트>    국산 메신저 리보핵산(mRNA) 백신에 속도를 내야 한다는 지적이 나온다. 이는 중국 연구진이 사람에게 전파될 가능성이 있는 신종 박쥐 코로나 바이러스를 발견하는 등 미래 팬데믹 위험이 다가오는 분위기에 기인한다.23일 홍콩 사우스차이나모닝포스트 보도에 따르면, 중국과학원 우한바이러스연구소 연구원들은 새로운 코로나바이러스(HKU5-CoV-2)를 발견했다는 논문을 발표했다. 이는 지난 18일 생명 분야 권위지인 '셀(Cell)'에 실렸다.보도에 따르면, 해당 바이러스는 코로나19를 유발하는 바이러스(Sars-CoV-2)와 같은 인간 수용체를 통해 침투할 수 있다. 동물에서 사람으로 전파될 위험이 있다는 얘기다. 중동호흡기증후군(MERS·메르스)을 일으키는 코로나바이러스 계열과도 연관이 있다. 메르스는 2012년부터 작년 5월까지 전 세계 환자 약 2600명이 나왔고, 이 중 36%가 목숨을 잃었다.다만, 연구진은 이 바이러스가 코로나19 바이러스처럼 인간 세포에 쉽게 침투하지는 못한다고 설명했다. 실험실에서 확인된 것일 뿐이며, 인간 집단에서 출연할 위험이 과장돼서는 안 된다고 설명했다.해당 보도 이후 미래 팬데믹에 대한 대응이 전 세계에 주목받는 분위기다. 실제 해당 보도가 나온 이후 모더나 6.6%, 노바백스 7.8%, 화이자 2.6% 등 주가가 올랐다. 해당 백신 제조업체들은 코로나19 팬데믹 당시 전 세계에 백신을 공급한 주요 업체들이다.국산 mRNA 백신 개발에 대한 관심도 커지고 있다. 미래 팬데믹은 물론 암, 희귀질환 치료에 돌파구가 될 수 있는 mRNA 백신 개발에 정부와 국내 기업이 매달리고 있으나, 여전히 개발 초기 단계에 머물러 있는 실정이다.



21일 지영미 질병관리청장이 출입기자단 간담회에서 발언하고 있다. <질병청 제공>    정부는 지난 코로나19 대응 과정에서 해외 백신 구매비로 7조6000억원을 지출했다. mRNA 백신의 국산화 없이는 앞으로도 해외 백신 구매가 불가피한 상황이다. 미래 팬데믹 대비를 위해서는 국산 mRNA 백신 확보가 관건이다. mRNA 백신은 바이러스와 동일한 스파이크(돌기) 단백질이 체내 세포 표면에 돋아나도록 하는 mRNA를 주입해 면역을 형성하는 기술이다. 세포에 조작·처리를 해 직접 주입하는 기존 백신과 달리 mRNA를 통해 바이러스 유전 정보만 전달한다. 유전자 정보를 활용하는 방식으로 신속성·활용성·안전성 측면에서 우수하다.질병청은 머지않은 미래 신종감염병 팬데믹 도래 위험성이 크다고 보고 있다. 그간 사스, 신종플루, 메르스, 코로나19 등이 통상 5년 주기로 출현해 왔기 때문이다.정부는 총 5300억원가량을 투입해 2028년까지 국산 mRNA 백신 개발에 주력할 방침이다. 올해는 이를 위해 총 254억원을 편성했다. 사업계획 적정성 검토에 이어 이르면 내달부터 과제에 본격 착수한다. 감염병 유행 후 100∼200일 이내에 개발이 가능한 mRNA 백신 플랫폼의 확보가 목표다. 현재 국내 mRNA백신 개발에 착수한 기업들은 GC녹십자, SK바이오사이언스, 에스티팜 등이 있다. 구체적으로 GC녹십자는 인플루엔자 mRNA 백신을, SK바이오사이언스는 일본뇌염과 라싸열 mRNA 백신을 개발 중이나, 아직 비임상 또는 기초 연구 단계다. 에스티팜은 코로나19 mRNA 백신의 임상 1상을 완료했고, 레모넥스, NES바이오테크놀로지, 아이진, 큐라티스 등도 코로나19 백신 임상 초기단계다.세종=이민우기자 mw38@dt.co.kr"
45,"기재차관, 최상목 대행 대신 G20 재무장관회의 참석…24일 출국","남아공 케이프타운서 26~27일 개최세계경제 리스크에 경제 역동성 제고 방안 제시[세종=이데일리 김은비 기자] 김범석 기획재정부 1차관이 오는 26~27일  남아공 케이프타운(Cape Town)에서 개최되는 주요 20개국(이하 G20) 재무장관회의 참석 등을 위해 24일 출국한다.



김범석 기재정부 1차관(사진=연합뉴스)G20 재무장관회의는 지난 2008년 기획재정부 출범 이후 매번 장관이 참석을 했지다. 올해는 비상계엄 사태 및 탄핵 등으로 최상목 부총리가 대통령 권한대행을 하게 되면서 일정상 참석하지 않기로 했다. 이번 회의는 올해 G20 의장국인 남아공이 제시한 ‘연대·평등·지속가능성이라는 슬로건 하에 처음으로 개최되는 G20 재무장관회의다. △세계경제 △국제금융체제 △인프라 △국제조세 △재무보건 △금융부문이슈 △지속가능금융 등 총 7개 세션으로 진행된다. 다양한 글로벌 리스크에 대한 협력방안과 함께 G20 재무트랙의 워킹그룹별 2025년 업무계획을 논의할 예정이다.첫째 날인 26일 김 차관은 세계경제 리스크에 대응해 최근 한국의 사례를 기초로 지속가능한 펀더멘털 구축과 과감한 구조개혁을 통해 경제의 건전성과 역동성을 제고할 수 있는 방안을 제안할 계획이다. 또 세션 1에서 국제금융체제의 지속가능성과 회복력 확보의 중요성을 강조하고, 세션 2에서는 글로벌 경제·금융 환경을 고려한 핵심과제를 제시할 예정이다.두번째날에는 김 차관은 지속적인 국제조세 협력 필요성을 강조하고, 조세정책ㆍ행정 선진화 등을 위한 개도국 역량 제고 논의를 지지할 예정이다.이외에도 김 차관은 이번 회의 참석을 계기로 독일, 캐나다 및 OECD, AIIB 등 주요 인사와 양자 면담을 추진할 계획이다."
46,"신민아, 부동산 시세차익으로 100억 벌었다…7년 전 투자한 '용산 땅' 올라","ⓒ신민아 인스타그램[데일리안 = 유정선 기자] 배우 신민아가 서울 용산구 노후 주택을 매입한 후 조성한 주차장의 시세차익이 최소 100억원에 달한다는 분석이 나왔다.23일 뉴스1 보도에 따르면, 신민아는 2018년 1월 용산구 한강로2가에 위치한 대지면적 약 340㎡(103평)에 2층 높이의 오래된 주택을 55억5000만원에 샀다. 이중 대출 원금은 28억으로 추정된다.신민아가 매입한 부지는 4호선과 6호선 환승역인 삼각지역 3번 출구에서 도보 2분 거리에 위치한다.그룹 방탄소년단(BTS) 소속사 '하이브' 등 대기업이 위치한 신용산역까지도 도보할 수 있는 위치다.신민아는 해당 부지를 매입해 주택과 담장을 철거하고, 현재까지 주차장으로 운영 중이다. 부동산 전문가에 따르면 최근 거래 사례를 미뤄봐 평당 1억5000만원으로 계산했을 때, 시세차익이 최소 100억원에 육박한다는 분석이 나왔다.네티즌은 ""신민아가 똑똑하게 재테크했네"", ""기부천사라 좋은 일만 생기는 것 같다"", ""부럽다"" 등의 반응을 보였다.한편 1984년생인 신민아는 올해 나이 40세다.신민아의 차기작으로는 넷플릭스 시리즈 '악연'이 예정되어 있으며, 새 드라마 '재혼 황후' 출연도 검토 중이다.동료 배우 김우빈과 2015년 열애를 인정해 10년 째 공개 연애를 이어오고 있다.신민아는 연예계 소문난 기부 천사이기도 하다. 신민아는 매년 1억원씩 총 10억원의 기금을 '한림화상재단'을 통해 전달해 현재까지 201명의 화상환자, 2024년 한 해에만 18명의 아이와 여성 화상환자의 치료와 수술을 받을 수 있도록 도왔다."
47,"북한 해커 라자루스 그룹, 2조원 넘는 암호화폐 탈취","바이비트 거래소 해킹…역대 최대 규모



라자루스 해킹조직의 해킹 수법(제공=경찰청) *재판매 및 DB 금지[서울=뉴시스] 강영진 기자 = 북한 해킹 그룹 라자루스가 암호화폐 거래소 대기업 바이비트(Bybit)를 해킹해 역사상 최대 규모인 15억 달러(약 2조1577억 원) 상당의 자산을 탈취했다고 미 CNBC가 21일(현지시각) 보도했다. 탈취된 암호화폐는 대부분 이더리움이며 다수의 지갑을 통해 빠르게 이체된 뒤 여러 플랫폼에서 현금화됐다. 블록체인 분석 기업인 엘립틱과 아컴 인텔리전스가 탈취된 암호화폐가 여러 계정으로 이동, 매도되는 과정을 추적했다.엘립틱 분석가들은 이번 공격이 북한 정부가 지원하는 해킹 조직인 라자루스 그룹과 연관돼 있음을 밝혀냈다. 엘립틱 수석 과학자 톰 로빈슨은 ""도난당한 자금이 다른 거래소에서 현금화되지 못하도록 도둑의 지갑 주소를 소프트웨어에 표시했다""고 밝혔다.한편 바이비트가 지급 불능 상태에 빠질 것을 우려한 대량 출금 사태가 벌어졌으며 벤 저우 바이비트 CEO가 여러 파트너들로부터 브릿지론을 확보했다고 발표하면서 인출사태가 완화됐다. 라자루스 그룹이 암호화페 탈취를 시작한 것은 2017년 한국의 4개 거래소에 침입해 2억 달러 상당의 비트코인을 탈취했을 때이며 이후 여러 차례 전 세계의 암호화폐 거래소를 해킹해 수십억 달러 상당의 자금을 훔쳤다. 이 자금은 북한의 핵무기 개발 자금 등으로 사용되는 것으로 알려졌다．"
48,"퇴직연금 3개월 만에 2.4조 갈아타…증권사 ‘순증’, 은행 ‘순유출’","퇴직연금 실물이전 서비스 시행 현황 점검은행간 이동 7989억, 증권사 4051억 순증제도별로는 개인형퇴직연금 이전 38.4%‘사전조회 서비스’ 상반기 내 개발·오픈



[헤럴드DB][헤럴드경제=김은희 기자] 기존 퇴직연금 상품을 매도(해지)하지 않고 다른 금융사로 옮길 수 있는 ‘퇴직연금 실물이전 서비스’가 개시된 지 3개월 만에 적립금 약 2조4000억원이 이전된 것으로 나타났다. 이 중 75%는 기존 계좌에서 운용 중인 상품을 그대로 옮겨간 것으로 파악됐다. 퇴직연금 가입자의 선택권이 확대됐다는 평가다.23일 금융감독원과 고용노동부에 따르면 지난해 10월 31일부터 올해 1월 31일까지 퇴직연금 실물이전 서비스 이용 건수는 총 3만9168건으로 2조4058억원의 적립금이 이전된 것으로 집계됐다.특히 전체 이전 적립금의 75.3%인 약 1조8000억원은 계좌 내 운용 중이던 상품이 그대로 이전된 것으로 나타났다. 나머지 약 6000억원은 수관회사와 이관회사 간에 제공하는 상품이 다른 경우 등 실물이전이 불가능해 상품 매도 또는 해지를 통해 현금화돼 이전됐다.



[금융감독원 제공]업권별 이동 현황을 보면 은행에서 은행으로의 이동이 7989억원으로 가장 규모가 컸다. 이어 ▷은행→증권사 6491억원 ▷증권사→증권사 4113억원 ▷증권사→은행 2382억원 ▷은행→보험사 843억원 등이 뒤를 이었다. 건수 기준으로는 ▷은행→은행(1만6635건) ▷은행→증권사(1만4003건) ▷증권사→증권사(6350건) 등의 순이었다.이전에 따른 순유입 금액 기준으로는 증권사가 4051억원 순증을 기록한 반면 은행은 4611억원 순유출을 기록한 것으로 나타났다. 전반적으로 증권사로의 이동이 확대된 것으로 보인다.퇴직연금 제도별로는 전체 적립금 2조4000억원 중 개인형퇴직연금(IRP)이 9229억원(38.4%), 확정급여형(DB)이 8718억원(36.2%), 확정기여형(DC, 기업형IRP 포함)이 6111억원(25.4%)을 차지하는 등 제도별로 고르게 이전이 진행됐다. 건수 기준으로는 ▷IRP 2만3691건 ▷DC 1만4782건 ▷DB 695건 순이었다.제도별 순유입 금액 기준으로는 IRP와 DC는 증권사가 순증(각각 3753억원, 2115억원)을 기록한 반면 DB는 보험사와 은행이 순증(각각 1050억원, 768억원)으로 나타나는 등 운용 주체에 따라 선호하는 퇴직연금 사업자의 업권이 달랐다.IRP·DC는 근로자가 직접 적립금을 운용해 운용수익을 수취하는 한편 DB는 사용자가 적립금을 운용하되 근로자에게 확정된 퇴직급여를 지급하다.



[금융감독원 제공]고용부와 금감원은 실물이전을 원하는 가입자의 편의를 높이기 위해 계좌 내 보유한 상품의 실물이전 가능 여부를 실물이전 신청 전에 조회할 수 있는 ‘사전조회 서비스’를 상반기 내 개발·오픈할 계획이다.퇴직연금 실물이전 서비스를 통해 가입자는 기존 상품 매도에 따른 비용이나 펀드 환매 후 재매수 과정에서 금융시장 상황 변화로 인한 손실(기회비용) 등을 최소화할 수 있다. 궁극적으로는 퇴직연금 사업자 간 서비스 기반의 건전한 경쟁이 촉진돼 수익률 개선에도 기여할 것으로 정부는 기대하고 있다.금감원 관계자는 “DC 계좌에서 타사 IRP 계좌로의 실물이전도 가능하게 해 가입자의 금융기관 선택권을 더 확대하고 기관 간 성과 경쟁을 촉진해 수익률을 개선해 나갈 계획”이라고 전했다."
49,들썩이는 강남3구... 토허제 해제 후 평균 거래가 8% 상승,"송파 84㎡  규모 호가 30억 훌쩍나머지 자치구와 집값 격차도 확대



21일 서울 송파구 한 부동산중개업소에 잠실 아파트 매물이 걸려있다. 뉴스1토지거래허가구역이 해제된 이후 서울 강남3구(서초·송파·강남)의 평균 아파트 거래가가 8% 급등했다는 분석이 나왔다. 23일 부동산 전문 리서치업체 리얼투데이가 국토교통부 실거래가(21일 기준) 자료를 분석한 결과, 토지거래허가구역이 해제된 12일부터 20일까지의 강남3구 아파트 평균 거래 가격은 24억5,139만 원으로 집계됐다. 해제 전인 1∼11일에는 22억6,969만 원이었던 점을 고려하면 일주일여 만에 8.0% 오른 것이다.강남3구를 제외한 나머지 22개 구의 같은 기간 평균 거래 가격은 9억1,859만 원으로 2.6%(2,462만 원) 떨어졌다. 서울 전체 평균 거래가도 11억1,828만 원으로 1.6%(1,773만 원) 하락했다. 부동산 경기 침체로 전국적으로 아파트  거래가 잠잠한 반면 강남3구는 토지거래허가구역 해제 이후 들썩이는 분위기다. 집값 양극화도 더욱 뚜렷해지고 있다. 서울 내에서도 강남3구와 나머지 서울 자치구 22개의 가격 차를 보면, 이달 1∼11일 평균 13억2,648만 원이던 격차는 12∼20일 15억3,280만 원으로 15.6%(2억632만 원) 확대됐다. 토지거래허가구역 해제 지역 중에서도 1만 가구가 몰려있는 송파구의 '엘리트(잠실엘스, 리센츠, 트리지움)'를 중심으로 호가가 빠르게 올라가고 있다. 국토부 실거래가 공개시스템에 따르면 리센츠(전용면적 84㎡)의 경우 지난해 12월에는 고층 기준 27억6,500만 원에 거래됐으나, 최근 호가는 30억 원을 넘어섰다.  강남구도 지난해 12월 35억5,000만 원에 매매가 성사된 래미안대치팰리스가 이달 13일에 4억5,000만 원 뛴 40억 원에 계약됐다."
50,디딤돌·버팀목 대출금리 올린다…지방은 제외,"정부가 무주택자를 대상으로 한 주택구입·전세자금 정책대출 금리를 수도권에 한정해 0.2%포인트(p) 올린다. 지방의 '준공 후 미분양' 아파트를 구입할 때 적용되는 대출금리는 인하한다.국토교통부는 주택도시기금의 구입자금(디딤돌)·전세자금(버팀목) 대출금리를 올해 3월 24일 이후 대출 신청분부터 조정한다고 23일 밝혔다.디딤돌 대출은 부부합산 연 소득 8천500만원 이하인 무주택자를 대상으로 하며, 소득이 높을수록 적용되는 금리가 높다.이번 조정으로 수도권의 디딤돌 대출 금리는 연 2.65∼3.95%에서 2.85∼4.15%로 높아진다. 지방 대출 금리는 연 2.65∼3.95%로 유지한다.국토부는 ""지역별로 시장 상황이 다른 점을 고려해 지방은 대출금리 인상 대상에서 제외했다""고 밝혔다.지방 미분양 주택을 구입하는 경우에는 디딤돌 대출 금리를 0.2%p 깎아주기로 했다.신혼부부 전용 주택구입자금대출 금리는 역시 수도권에서만 기존 2.35∼3.65%에서 2.55∼3.85%로 0.2%p 올린다.수도권 신생아 특례 디딤돌대출 금리는 연 1.6∼4.3%에서 1.8∼4.5%로 조정된다.부부합산 연소득 5천만원 이하 무주택자에게 전세자금을 빌려주는 버팀목 대출 금리 역시 수도권에서만 0.2%p 높인 연 2.5∼3.5%로 조정한다.이와 함께 국토부는 정책대출 우대금리를 최대 0.5%p까지만 인정하고, 적용 기한도 4∼5년으로 제한하기로 했다.지금은 디딤돌 대출의 경우 생애최초 주택구입자와 장애인가구, 다문화가구, 신혼가구에 연 0.2%p씩 우대금리를 준다.여기에 청약저축 가입 기간·납입 회차에 따라 최대 0.5%p, 부동산 전자계약 체결 시 0.1%p, 자녀 출산 시 최대 0.7%p(3자녀 이상) 등 추가 우대금리를 받을 수 있다.우대금리를 중복해서 적용하면 대출금리를 1%p 이상 낮추는 것도 가능한데, 이 한도를 0.5%p로 두겠다는 것이다.금리 방식은 기존의 ▲ 만기 고정형 ▲ 5년 단위 변동형 ▲ 순수 변동형 금리에 더해 혼합형 금리(10년 고정 후 변동)를 새롭게 도입한다. 금리 방식별로 적용 금리도 차등화한다.국토부는 다음 달 말에는 청년주택드림대출을 출시할 계획이다.이는 지난해 2월 출시된 청년주택드림청약통장과 연계한 상품으로, 청년주택드림청약통장을 이용해 청약에 당첨된 만 20∼39세 무주택자에게는 분양 대금의 최대 80%를 최저 연 2.2% 저금리로 대출해준다.청년주택드림청약통장 가입 이후 1년 이상이 지나고, 1천만원 이상 납입 실적이 있다면 대출 상품을 이용할 수 있다.대상 주택은 분양가 6억원 이하, 전용면적 85㎡ 이하 주택이며, 대출 한도는 최대 3억원(신혼부부 4억원)이다.(사진=연합뉴스)"
51,"조정호 메리츠 회장 주식평가액, 이재용 바짝 추격","지난 21일 기준 12조2183억원…5.4%p 차이



조정호 메리츠금융지주 회장의 주식평가액이 12조원을 넘어서면서 이재용 삼성전자 회장의 평가액에 근접했다. /한국CXO연구소이재용 삼성전자 회장의 보유 주식 가치가 지속 하락하면서 조정호 메리츠금융지주 회장의 추격을 허용했다. 조 회장은 주식평가액(12조228억원)이 처음으로 12조원을 넘어선 데 이어 하루 만에 1955억원 가량 불어났다.23일 한국CXO연구소에 따르면 이재용 회장과 조 회장의 주식 평가액 차이가 지난 21일 기준 7018억원으로 줄었다.이 회장의 보유 주식 가치는 지난 20일 13조1848억원에서 21일 12조9201억원으로 감소했다. 반면, 조 회장의 주식 가치는 같은 기간 12조228억원에서 12조2183억원으로 증가했다.두 사람의 주식 평가액 격차는 지난해 초 38.7% 수준이었으나, 지난 21일 94.6%까지 좁혀지며 단 5.4%p(포인트) 차이만 남겨뒀다. 이는 이 회장이 보유한 삼성전자, 삼성생명, 삼성물산 등 주요 종목의 주가 하락이 직접적인 영향을 미친 것으로 분석된다.한국CXO연구소는 이 같은 추세라면 이번 주에 국내 주식부자 1위가 바뀔 가능성도 있을 것으로 봤다. 오일선 한국CXO연구소장은 ""100m 달리기에 비유하면, 60m 이상 벌어졌던 격차가 이제는 5m 내로 좁혀져 뒤에서 그림자가 드리울 정도""라며 ""이 회장이 주가 부양을 위해 다양한 방안을 강구할 가능성이 크다""고 전망했다．발로 뛰는 더팩트는 24시간 여러분의 제보를 기다립니다.▶카카오톡: '더팩트제보' 검색▶이메일: jebo@tf.co.kr▶뉴스 홈페이지: http://talk.tf.co.kr/bbs/report/write"
52,내 퇴직연금에 무슨일이…석달새 은행→증권사 4000억 '머니무브',"퇴직연금 실물 이전제도 시행 결과3개월간 총 2조 4000억 원 이전은행→증권사 4109억 원 순유입IRP·DC계좌서 증권사로 이전 많아같은 업권 내 실물 이전도 활발해져



여의도 증권가 전경. 연합뉴스[서울경제] 지난해 10월 말 퇴직연금 실물이전 제도 도입 이후 3개월 동안 은행에서 증권사로 4000억 원이 넘는 적립금이 순유입된 것으로 나타났다. 특히 개인형퇴직연금(IRP) 가입자들의 증권사 선호도가 높게 나타났다.23일 고용노동부와 금융감독원에 따르면 지난해 10월 말부터 지난달 말까지 3개월 동안 총 2조 4000억 원의 적립금(약 3만 9000건)이 퇴직연금 실물이전 서비스를 통해 이전된 것으로 집계됐다. 업권별로는 증권사에서 은행으로 이전된 적립금이 2382억 원이었던 반면, 은행에서 증권사로 이전된 적립금이 6491억 원으로 총 4109억 원이 은행에서 증권사로 빠져나갔다. 보험사까지 포함하면 은행에선 4611억 원의 적립금이 순유출됐으며 증권사와 보험사는 각각 4051억 원, 560억 원의 순유입을 기록했다.퇴직연금 제도별로는 총 이전 적립금 2조 4000억 원 중 IRP 9229억 원, 확정급여형(DB) 8718억 원, 확정기여형(DC) 6111억 원으로 IRP에서의 이전이 가장 활발했다. IRP와 DC는 증권사로 각각 3753억 원, 2155억 원이 순유입됐고, DB의 경우 은행과 보험사로 각각 768억 원, 1050억 원이 옮겨갔다. 근로자가 직접 적립금을 운용해 운용수익을 수취하는 IRP·DC일수록 투자 상품의 포트폴리오가 은행보다 다양한 증권사를 선호했기 때문으로 분석된다.은행에서 은행, 증권사에서 증권사로 이전된 적립금 규모도 각각 7989억 원, 4113억 원에 달했다. 올 퇴직연금 적립금 규모가 500조 원을 넘길 것으로 예상되는 가운데 앞으로 운용 사업자간 고객 유치 경쟁은 더욱 치열해질 것으로 전망된다.퇴직연금 실물 이전은 가입자가 계좌 내 운용 중이던 상품을 해지하지 않고 다른 퇴직연금 사업자의 계좌로 옮길 수 있게 한 제도다. 정부는 가입자가 보유한 상품의 실물이전 가능 여부를 신청 전에 조회할 수 있는 사전조회 서비스도 올 상반기 내 공개할 예정이다. DC 계좌에서 타사 IRP 계좌로의 실물이전도 가능하도록 해 가입자의 금융기관 선택권을 더욱 확대하고 금융기관 간 성과 경쟁을 촉진해 수익률을 개선해 나간다는 계획이다."
53,용적률 넘겨 받아 더 높게 짓는다…'서울형 용적이양제' 올해 하반기 시행,"서울시, 상반기 중 조례 입법예고 추진중복 규제 적용 지역 재산 손실 덜도록문화유산 주변지역 등 양도지역 선정 예정서울형 용적이양 선도사업 추진, 주민 의사 고려올해 하반기부터 국내 최초로 서울에서 '용적이양제'가 도입된다. 규제나 보존 등으로 충분히 사용하지 못하는 용적률을 다른 지역으로 이양할 수 있는 제도를 말한다. 문화유산 주변 구역 등 중복 규제로 개발이 막혀있던 지역에서는 재산상 손실을 줄이고 개발 잠재력을 갖춘 지역은 용적률을 이양받아 산상 고층 건물을 올릴 수 있게 된다. 서울시는 올해 상반기 중 '서울특별시 용적이양제 운영에 관한 조례(가칭)'를 제정해 입법예고하고 하반기부터 '서울형 용적이양제'를 본격 시행한다고 23일 밝혔다.



밀도 제한 높은 지역 용적률, 타 지역으로 이양서울형 용적이양제는 국토계획법상 용도지역별 용적률에도 불구하고, 다른 법률에서 정한 추가적인 밀도 제한을 중복으로 받고 있는 지역에서 사용하지 못하는 용적률을 다른 지역으로 이양할 수 있게 해주는 제도다. 시는 도시계획·법률 등 전문가 자문과 연구를 통해 ‘서울형 용적이양제’ 개념을 만들어 적용 가능한 실행모델을 마련하기로 했다. 지난달 열린 규제철폐 토론회에서도 한 시민이 '용적률 이양' 제도를 도입해야한다는 의견을 피력했고 시는 제도의 필요성을 확인한만큼 추진에 속도를 낸다는 방침이다.뉴욕 원 밴더빌트(One Vanderbilt)는 TDR을 통해 인근 그랜드센트럴터미널·바워리세이빙 빌딩(Bowery Saving Building)의 용적률을 이전받아 초고층 빌딩(93층, 약 3000%)으로 개발됐다. 도쿄 마루노우치에 위치한 신마루노우치빌딩(38층, 약 1760%)과 그랑도쿄(43층, 약 1300%) 등 6개 빌딩도 문화재로 지정된 도쿄역의 용적률을 사들여 고층으로 건립한 사례다. 다만 뉴욕·도쿄 등에서 시행중인 용적이양제(TDR, Transfer of Development Rights)은 우리나라와 법 체계가 달라 국내에 적용하기에는 어려움이 있었다.시는 현재 사업계획을 마련 중인 강동구 굽은다리역세권 활성화 사업에 건축법상 결합건축 제도를 활용해 실제 용적이양 과정에 대한 테스트를 마무리 중이다. 이를 토대로 실행모델을 완성할 계획이다.서울에서는 떨어져 있는 두 필지를 하나의 정비구역으로 개발하는 '결합건축' 제도가 있지만 조건이 까다롭고 제약이 커서 활용도는 낮은 실정이다. 이 제도를 적용해 개발한 사례는이문 3-1구역과 3-2구역을 묶어서 개발한 '이문아이파크자이'가 있다. 문화유산 주변지역 등 규제완화 어려운 곳 위주로 선정'서울형 용적이양제'의 핵심은 미사용 용적을 다른 지역으로 이양할 수 있는 대상인 양도지역의 선정 기준이다. 시는 제도 도입 초기인 만큼 양도지역은 △문화유산 주변 지역 △장애물 표면 제한구역 등 장기적으로 규제 완화가 어려운 곳을 위주로 선정할 계획이다. 이 지역들은 그동안 용도지역에 따른 용적률에 추가 규제까지 적용받아 중복된 밀도 제한으로 개발이 어려웠고 재정 한계 등으로 공공 지원도 충분하지 않았다.시는 중복적인 규제를 받아온 지역의 재산상 손실은 덜어주고 잠재력을 가진 지역의 개발을 촉진, 도시 개발 밀도를 합리적으로 재배분하게끔 유도할 계획이다. 지속가능한 제도 운영을 위해 합리적인 용적가치 산정 방안, 효율적인 용적이양 절차, 안정적인 공시 방안 등도 반영할 예정이다.시는 제도 안착을 위한 ‘서울형 용적이양 선도사업’도 추진한다. 시는 지역주민 의사를 최우선으로 고려해 선도지역을 최종 선정하고, 지역 특성에 맞는 사업화 방안도 마련할 계획이다.선도지역 선정은 △규제 강도가 높고 완화가 어려워 용적이양제 도입이 우선적으로 필요한 지역  △노후가 심하고 개발압력이 높은 지역 △제도 목적에 부합하면서 선도사업의 의의가 큰 지역 등을 우선 검토한다.선도지역으로 선정되면 민간-공공 협력체계를 구축해 용적이양 추진 전 과정을 시가 전폭적으로 지원할 예정이다. 선도사업을 통해 각종 세부 운영기준을 마련하고 향후 제도 안정화를 위한 법 ·시행령 개정 건의도 꾸준히 병행해 나갈 방침이다.시는 오는 25일 오후 2시부터 서울시청 서소문청사에서 '공간의 혁신, 도시의 진화: 서울형 용적이양제'를 주제로 한 도시정책 컨퍼런스를 개최한다. 제도에 대한 공감대를 형성하고 합리적인 실행모델을 모색해 나갈 계획이다. 남진 서울시립대 교수가 '도시경쟁력 향상을 위한 용적이양제의 새로운 전략'을 주제로, 김지엽 성균관대 교수는 '용적이양제 실현을 위한 법제도 도입 방안'을 주제로 발제를 진행하며 패널 토론, 질의응답이 진행된다.조남준 서울시 도시공간본부장은 ""서울형 용적이양제는 역사·자연적 자산은 보존하면서도 개발이 필요한 지역 성장을 촉진하며 지속가능한 서울의 미래를 열어줄 것""이라며 ""현행 제도 속에서 풀어내기 어려웠던 중복 규제 지역의 숨통을 틔우고 도시 균형발전을 견인하는 제도로 안착시키기 위해 논의와 연구를 지속해 나가겠다""고 말했다."
54,퇴직연금 '머니무브' 시동…실물이전 3개월 만에 적립금 2.4조원 이동,"[연합뉴스 제공]퇴직연금 실물이전 서비스가 시작된 지난해 10월 31일 이후 지난달까지 3개월간 약 2조4천억원 규모의 적립금이 이전된 것으로 집계됐습니다.실물이전 서비스란 퇴직연금 가입자가 계좌 내 운용 중이던 상품을 해지하지 않고도 다른 퇴직연금 사업자의 계좌로 옮길 수 있게 한 서비스를 말합니다.금융감독원은 이같은 방식으로 이전된 적립금 중 약 1조8천억원(75.3%)은 계좌 내 운용 중이던 상품이 그대로 이전된 것으로 확인돼 손쉬운 이전이 가능해져 가입자의 선택권이 확대됐음을 보여준다고 설명했습니다.



 [금융감독원 제공]특히 이전된 적립금 중 은행에서 은행간 이동(7,989억원)이 가장 큰 규모를 차지했습니다.은행에서 증권사(6,491억원), 증권사에서 증권사로의 이동(4,113억원) 규모가 그 뒤를 이었습니다.순유입 금액을 두고 봤을 때 증권사는 4,051억원 순증을 보인 반면 은행은 4,611억원 순유출로 집계돼 전반적으로 증권사로의 이동이 확대됐다고 금감원은 밝혔습니다.한편, 퇴직연금 제도별로는 이전된 적립금 중 개인형퇴직연금(IRP)이 9,229억원(38.4%), 확정급여형(DB)이 8,718억원(36.2%), 확정기여형(DC·기업형IRP 포함)이 6,111억원(25.4%)을 차지해 제도별로 고르게 이전이 이뤄지고 있는 모습입니다.고용노동부와 금감원은 실물이전을 원하는 가입자의 편의를 위해 실물이전 가능 여부를 미리 조회할 수 있는 '사전조회 서비스'를 상반기 내 추가 개발하고 개시할 예정입니다.또, DC 계좌에서 타사의 IRP 계좌로 실물이전도 가능하게 해 가입자의 선택권을 확대하고, 금융기관 간 성과 경쟁을 촉진하겠다는 계획입니다.#금융감독원 #퇴직연금 #퇴직연금_실물이전 #IRP연합뉴스TV 기사문의 및 제보 : 카톡/라인 jebo23"
55,"""2072년 한국 성장률 0.3%·나랏빚 7천조 원""","▲ 국가채무 규모 및 GDP 대비 비율 전망

약 50년 뒤 한국의 나랏빚이 현재의 6배 수준에 가까운 7천조 원을 돌파할 것이라는 국회 보고서가 나왔습니다.

성장 엔진 부재로 국내 총생산이 사실상 제자리걸음을 걷게 되지만, 국민연금 곳간은 2057년에 완전히 고갈되면서 나랏빚은 더 가파르게 늘어난다는 계산입니다.

다만 지난해 9년 만에 출산율이 반등하는 등의 저 출생 극복 기조가 이어진다면 GDP 대비 국가채무의 비율을 적지 않게 낮출 수 있을 것이라고 보고서는 제언했습니다.

국회예산정책처가 발간한 '2025∼2072년 장기재정전망' 보고서를 보면 실질 GDP 성장률이 올해 2.2%에서 2072년에는 0.3% 수준으로 떨어진다고 추계했습니다.

2072년 국가채무는 현재 1천270조 4천억 원의 5.7배 수준인 7천303조 6천억 원이 될 것으로 추계했습니다.

전망을 보면 국가채무의 GDP 대비 비율은 올해 47.8%에서 2040년 80.3%, 2050년 107.7%, 2060년 136.0%, 2072년 173.0%로 가파르게 증가합니다.

2050년 무렵이 되면 한국에서 생산된 생산물을 전부 현금화하더라도 나랏빚을 갚을 수 없는 수준이 되는 겁니다.

보고서는 나랏빚 폭증을 정부가 버는 것보다 더 많이 쓰는 구조 때문으로 봤습니다.

예정처는 ""인구구조 변화 등에 따른 사회보장기여금의 증가세 둔화, 국민연금 등의 적립금 감소에 따른 운용수입 감소 등의 영향으로 총수입 GDP 대비 비율은 하락할 것""이라고 밝혔습니다.

(사진=국회예산정책처 제공, 연합뉴스)"
56,"배터리3사, '인터배터리2025' 참가…혁신 기술 공개","내달 5~7일 서울 코엑스서 개최



LG에너지솔루션·삼성SDI·SK온이 내달 3일부터 배터리 전시회 '인터배터리(INTERBATTERY) 2025'에 참가한다. /LG에너지솔루션LG에너지솔루션(LG엔솔)·삼성SDI·SK온 등 국내 배터리 3사가 내달 5일부터 7일까지 서울 삼성동 코엑스에서 열리는 국내 최대 규모 배터리 전시회 '인터배터리(INTERBATTERY) 2025'에 참가해 차세대 혁신 제품과 기술을 공개한다.23일 LG엔솔은 이번 인터배터리에서 참가 기업 중 가장 큰 540m²(약 163평) 규모의 전시장에 다양한 혁신 배터리 솔루션을 선보인다.LG엔솔은 올해 △히어로(Hero) 배터리 솔루션 △EV 배터리 솔루션 △Non-EV 배터리 솔루션 △미래 준비 △지속가능성 등 총 5개의 공간으로 전시장을 구성한다.특히 배터리 솔루션 존은 46시리즈 라인업과 원통형 배터리 성능을 더욱 극대화하고 안전성을 강화한 배터리 모듈·팩 솔루션 CAS(Cell Array Structure)를 전시한다.또 태양광 패널과 배터리 팩을 동시에 적용함으로써 주행거리를 극대화한 앱테라 모터스의 새로운 형태의 모빌리티 제품이 한국에서 처음 선보일 예정이다. 이 제품은 미래지향적 디자인 등으로 차세대 모빌리티의 대표 차량으로 꼽히며 미국 유명 SF 영화에 등장하기도 한 제품이다.LG에너지솔루션은 ""올해 인터배터리 2025에서 글로벌 배터리 산업의 선도기업인 LG에너지솔루션의 혁신 기술 및 제품 등 '압도적 기술리더십'을 한눈에 볼 수 있을 것""이라고 말했다.삼성SDI도 '배터리 기술로 업그레이드 되는 우리의 일상, 인셀리전트 라이프(InCelligent Life)'라는 슬로건을 내걸고 다양한 차세대 배터리 제품과 혁신 기술을 선보인다.삼성SDI는 최근 상품화 적용 검토를 완료한 '열전파 차단(No TP·No Thermal Propagation)' 기술을 비롯해 전고체 배터리(ASB), 셀투팩(Cell to Pack) 제품 등을 선보이며 자사 각형 배터리의 차별화된 안전성을 집중 홍보할 계획이다.No TP는 배터리 제품의 특정 셀에 문제가 발생했을 때 셀과 셀 사이에 적용된 안전 소재 등에 의해 다른 셀로 열이 전파되는 것을 물리적으로 막아주는 기술이다.삼성SDI는 또 고체 전해질을 사용해 화재 위험성이 낮고 주행길이가 길어 업계에서는 '꿈의 배터리'로 불리는 전고체 배터리의 개발 현황도 소개할 예정이다.전고체 배터리 기술에서 글로벌 업계 선두주자로 평가받는 삼성SDI는 지난해말 다수 고객에게 샘플을 공급해 평가를 진행한 데 이어 현재 다음 단계의 샘플을 준비하며 2027년 상용화라는 목표를 향해 차질없이 나아가고 있다. 삼성SDI는 이번 전시회에서 실물 크기의 차량 하부구조 목업에 탑 터미널 각형 배터리와 사이드 터미널 각형 배터리를 탑재한 셀투팩(Cell to Pack) 컨셉 제품도 전시한다.삼성SDI 관계자는 ""이번 전시를 통해 배터리 기술로 업그레이드 되는 우리의 일상과 그것을 가능하게 하는 배터리 기술 경쟁력을 확인할 수 있을 것""이라고 밝혔다.SK온은 파우치형, 각형, 원통형 등 3대 폼팩터(제품 형태)를 모두 전시하며, 다양한 고객 수요를 공략한다.특히 SK온은 원통형 실물 모형을 처음으로 공개한다. SK온은 작년 하반기 원통형 파일럿 라인을 준공하며 연구개발에 박차를 가하고 있다.각형 배터리는 양방향에 이어 단방향 모델을 추가해 올해 전시한다. 각형 배터리에 적용된 Z-폴딩 스태킹 기술 및 급속충전 솔루션도 소개된다. 파우치형 배터리로는 이미 업계 최고 수준에 오른 SK온은 확장된 배터리 포트폴리오와 이를 뒷받침하는 기술력을 통해 고객 선택의 폭을 넓히고 시장 공략에 나선다는 전략이다.SK온은 이와 함께 시장 트렌드 변화에 맞춰 케미스트리(양극·음극 소재)를 달리한 제품들도 여럿 선보인다. 이번 전시회에서 SK온은 가격경쟁력, 성능, 수명, 안정성을 고루 갖춘 고전압 미드니켈 배터리를 처음으로 공개한다. 배선이 필요 없는 차세대 무선 BMS(Battery Management System)도 선보인다.SK온 관계자는 ""SK온은 끊임없이 연구개발 역량을 강화하고 고객사 요구에 부응할 수 있는 포트폴리오를 구축해 차별적 경쟁 우위를 확보해 나갈 것""이라 말했다.발로 뛰는 더팩트는 24시간 여러분의 제보를 기다립니다.▶카카오톡: '더팩트제보' 검색▶이메일: jebo@tf.co.kr▶뉴스 홈페이지: http://talk.tf.co.kr/bbs/report/write"
57,전세사기 안 당하려면 ‘이것’부터 확인…“90% 예방 가능”,"기사와 직접적 관련 없는 참고사진 ⓒ뉴시스최근 전세사기가 사회적 문제로 급부상하면서 수많은 임차인들이 소중한 보증금을 돌려받지 못해 생계의 위협을 받고 있다. 정부가 피해자를 지원에 나서고 있지만, 여전히 예방부터 피해 구제까지 법률 지식과 신속한 조치가 절실하다는 지적이 많다. 이에 15년 간 부동산 분쟁을 다뤄온 법도 종합법률사무소 대표 엄정숙 변호사는 21일 전세사기 예방과 피해 대처 노하우를 전했다.“깡통전세 걸러내려면 ‘임대인 재산 상황’ 먼저 살펴야”엄 변호사는 전세사기 예방의 첫걸음으로 “임대인의 부동산 재산 상태부터 철저히 확인하라”고 강조했다. 등기부등본을 떼어보고 근저당권이나 선순위 전세가 지나치게 많다면 일단 의심해야 한다는 것이다. 전세계약 당시 이른바 ‘깡통전세’가 의심된다면, 계약을 재검토하거나 보증금 규모를 조정해야 안전하다고 조언했다.그는 “등기부등본, 전입신고, 확정일자, 그리고 전세보증금 반환보증 가입 여부만 체크해도 웬만한 사기는 막을 수 있다. 임대인의 재산 구조나 부채가 불투명하면, 아무리 조건이 좋아 보여도 계약을 서두르지 말아야 한다”고 조언했다.엄 변호사에 따르면, 실제 상담 사례 중에는 등기부상 수십 건의 근저당이 잡힌 빌라를 전세로 들어가려다 본인 의뢰를 통해 계약을 포기해 피해를 면한 경우도 있다. 엄 변호사는 “겉으로는 집이 번듯해 보여도 실제로는 빚만 잔뜩 떠안은 집이 적지 않다”며 “임대인의 부채 규모는 임차인이 실질적으로 확인하지 않으면 절대 알 수 없다”고 설명했다.돌려받지 못한 보증금 “형사·민사 동시에 대응해야”하지만 이런 예방책을 미처 알지 못해 전세사기를 당했을 경우 형사와 함께 전세금반환소송 등의 민사를 병행하는 것이 중요하다. 전세금 반환 의사와 능력이 처음부터 없었던 임대인이라면, 사기죄로 고소해 형사 처벌을 구해야 한다는 것이다. 동시에 임대인을 상대로 전세보증금 반환청구 소송(민사)을 제기해 승소 판결을 받아두면, 강제집행 등을 통해 금전 회수를 노릴 수 있다.엄 변호사는 “전세금반환소송만 걸어 놓으면 임대인이 재산을 빼돌리거나 시간을 끌기 쉽다. 비용이 들더라도 매뉴얼대로 형사고소까지 가면 임대인이 압박을 느껴 합의나 반환 협상을 타진해오기도 한다. 다만 임대인에게 실제 재산이 남아 있는지 꼼꼼히 확인한 뒤, 신속하게 대응에 나서야 전세금반환소송 기간이 짧아진다”고 말했다.전세보증금 반환보증에 가입했다면 주택도시보증공사(HUG)나 서울보증보험(SGI)에 사고 접수를 먼저 한 뒤, 보증기관을 통해 대신 보증금을 돌려받고 추후 공사나 보험사가 임대인에 대한 구상권 청구를 진행하면 비교적 빠른 회수가 가능하다.“중요한 건 속전속결…법률 전문가 도움 서둘러야”전세사기가 이미 발생한 상황에선 대응 속도가 무엇보다 중요하다. 계약서, 임대인과의 통화·메시지 기록 등을 빠짐없이 확보해두고, 임대인의 재산 보호 조치(가압류, 임차권등기명령 등)도 동시에 고려해야 한다. 특히 대항력과 우선변제권을 유지하려면 주소 이전을 함부로 하면 안 되며, 조언을 받으며 사건을 이끌어가는 편이 낫다.엄 변호사는 “대부분 임차인들은 집이 경매에 넘어가는 순간 하늘이 무너져 내리는 심정이다. 하지만 그때부터라도 전문가 조언을 받아 대응하면 숨통이 트일 수 있다. 사안에 따라 집단소송이나 형사·민사 동시진행 등 다양한 전략이 있기 때문”이라고 강조했다.관건은 ‘예방 의식’…“절차 번거롭더라도 꼼꼼히 살피길”끝으로 엄 변호사는 “전세사기는 내 가족과 일상에 치명적인 상처를 남길 수 있는 범죄”라며, 임차인 스스로도 예방 의식을 늘 가져야 한다고 강조했다.그는 “임대인의 정보만 꼼꼼히 봐도 전세사기의 90%는 막을 수 있다. 절차가 번거롭더라도 하나하나 체크하는 게 내 보증금을 지키는 지름길이라는 사실, 꼭 잊지 않으셨으면 좋겠다”고 당부했다."
58,"동료가 육아휴직 했더니, 내 통장에 50만원 꽂혔다…이런 회사","경기도 분당 두산타워 직장 어린이집에서 어린이들이 웃고있다. 두산 제공           두산에너빌리티 플랜트 EPC(설계·조달·건설) 시공품질관리팀 직원들은 최근 회사에서 예상치 못한 보너스를 받았다. 팀원인 황태섭 수석이 육아 휴직을 신청하면서다. 회사가 육아 휴직하는 직원의 팀 동료들에게 지원금을 주는 제도를 만든 덕분이다. 황 수석은 “장기간 휴직으로 팀에 부담을 주는 것 같아 마음이 편치 않았는데, 동료들의 응원을 받을 수 있어 마음이 한결 편해졌다”고 털어놨다.      두산그룹은 출산·육아 지원제도를 강화한다고 23일 밝혔다. 대표적으로 ‘육아 휴직 서포터즈 지원금’을 신설했다. 6개월 이상 육아 휴직자가 속한 조직의 팀원에게 1인당 최대 50만 원까지 주는 제도다. 두산 관계자는 “육아 휴직에 따른 다른 동료들의 업무 부담을 감안하자는 취지에서 마련했다”고 설명했다.      출산 경조금도 올렸다. 직원 혹은 직원 배우자가 출산한 경우 첫째 자녀 300만원, 둘째 500만원, 셋째 이상은 1000만원의 축하금을 준다. 자녀를 키우는 2년 동안 월 20만원씩 보육 지원금도 준다. 법정 육아 휴직 첫 1개월은 기본급에서 정부 지원금을 제외한 차액만큼 회사가 지원한다.      금전 외에 휴직 제도도 강화했다. 육아 휴직을 법정 기간에서 1년 더, 배우자 출산휴가는 법정 기간에 추가로 10일 더 쓸 수 있도록 했다. 이밖에 임신부 주차 지원, 복직을 앞둔 직원의 심리상담 지원과 긴급돌봄서비스 등 지원책도 마련했다.      부영그룹이 지난해 출산한 직원(혹은 배우자) 1인당 지원금 1억원을 주기로 해 화제가 됐다. 이후 대기업마다 육아 지원제도를 확대하는 모양새다."
59,"""영하 20도에도 단번에 시동""…혹한 속 디젤차 넘보는 수소트럭","[테크따라잡기]수소엔진, 극한 환경 테스트 통과2027년 상용화 카운트다운 전망



그래픽=비즈워치겨울철 자동차 시동이 늦게 걸려 당황한 경험 한 번쯤 있으실 겁니다. 특히 기온이 영하로 떨어지면 디젤차의 연료가 굳어지면서 원활한 연료 공급이 어려워지고 시동이 늦어지거나 출력이 저하되는 경우가 생기죠. 그렇다면 수소엔진은 어떨까요?왜 수소엔진일까?지금까지 대형 상용차 시장의 주류는 디젤 엔진이었습니다. 그러나 전 세계적으로 탄소중립 목표가 강화되면서 내연기관 엔진의 퇴출이 가속화되고 있습니다. 유럽연합(EU)은 2035년부터 내연기관차 판매를 금지하겠다고 발표했죠.하지만 그렇다고 해서 모든 대형 트럭과 건설장비, 발전기 등을 전기차로 대체할 수 있을까요? 현실적으로 쉽지 않습니다. 배터리 무게와 충전 시간 문제 때문입니다. 예컨대 전기 트럭은 배터리 용량이 커질수록 무게가 증가해 화물을 실을 공간이 줄어드는 문제가 발생합니다. 충전 시간도 길어 물류 운송 효율이 떨어질 수밖에 없죠.수소연료전지 트럭이 대안으로 떠오르고 있지만 이 역시 문제가 있습니다. 수소연료전지는 순도 99.99% 이상의 고순도 수소를 사용해야 하는데, 이를 생산하는 비용이 상당히 높다는 점이죠.반면 수소엔진은 산업용으로 널리 쓰이는 저순도 수소를 그대로 사용할 수 있어 경제성이 뛰어납니다. 기존 디젤 엔진을 개량한 방식이어서 차량 개조 비용도 상대적으로 낮습니다. HD현대인프라코어가 수소연료전지 대신 수소엔진 개발에 집중한 것도 이 같은 이유에서입니다.



HD현대인프라코어 수소엔진을 탑재한 타타대우모빌리티 대형트럭./사진=HD현대인프라코어영하 20도 테스트 통과…뜨거운 여름도 견딜까이번 테스트는 수소엔진이 혹한에서도 문제없이 작동하는지 검증하는 과정이었습니다. 특히 대형 트럭이 겨울철에도 안정적으로 운행될 수 있는지가 관건이었는데요.HD현대인프라코어는 국내에서도 강추위로 유명한 강원도 대관령에서 타타대우모빌리티와 협력해 11리터급 수소엔진(HX12)의 혹한지 테스트를 진행했습니다. 테스트에서는 △즉각 시동 가능 여부 △수소탱크 내 연료 공급 안정성 △화물 적재 상태에서의 경사로 주행과 제동 성능 △충전 안전성 등을 집중적으로 점검했습니다.테스트는 모두 성공적이었습니다. 영하 20도의 혹한 속에서도 수소엔진 트럭은 한 번에 시동이 걸렸고, 연료 공급도 원활하게 이루어졌습니다. 화물을 실은 상태에서도 가파른 경사로를 오르내리는 데 문제가 없었고 충전 안전성이 확보됐습니다.HD현대인프라코어는 이번 테스트 결과를 바탕으로 한여름에는 추가적인 내구성 검증을 진행할 예정입니다. 향후 △혹서기 주행 테스트 △경사로 등판 능력 시험 △55℃ 고온 챔버 실험 △10만km 내구성 테스트 등이 진행될 예정입니다.



'H2 MEET 2024' HD현대인프라코어 부스에 전시된 수소엔진 HX12./사진=도다솔 기자하지만 수소엔진의 실용 가능성에 대한 기대는 빠르게 현실화되고 있습니다. HD현대인프라코어의 수소엔진은 상용차용 CNG(압축천연가스) 엔진을 기반으로 개발해 기존 차량에 탑재하기 수월하고 수소연료전지 등 고순도 수소를 요구하는 타 동력원에 비해 경제적이라는 평가를 받습니다. HD현대인프라코어는 지난해 9월 열린 수소산업 전시회 'H2 MEET 2024'에서 이 수소엔진의 기술력과 가능성을 인정받아 '베스트 프로덕트 미디어 어워드' 대상을 수상하기도 했죠.HD현대인프라코어는 2026년 초 수소엔진 양산을 시작해 2027년 상반기에는 수소엔진 트럭을 출시할 계획입니다. 전 세계적으로 수소엔진을 탑재한 상용차가 본격적으로 출시된 사례는 아직 없어 어쩌면 최초라는 타이틀을 거머쥘 수도 있겠죠.이제 탄소중립 시대, 수소엔진은 선택이 아닌 필수로 주목받고 있습니다. 2027년부터는 도로 위에서 수소엔진 트럭을 볼 수 있을지도 모르겠네요. 수소엔진이 상용차 시장의 판도를 바꿀 수 있을지 지켜보시죠.[테크따라잡기]는 한 주간 산업계 뉴스 속에 숨어 있는 기술을 쉽게 풀어드리는 비즈워치 산업부의 주말 뉴스 코너입니다. 빠르게 변하는 기술, 빠르게 잡아 드리겠습니다. [편집자]"
60,"머스크 ‘13번째 아이 출산’ 주장 여성, “친자확인 소송 걸었다”","세인트 클레어, SNS서 출산 주장“양육 전혀 관여 안해...단 3번 만나”



 지난 2월 20일 미국의 보수단체 행사에 참석한 일론 머스크. (사진=AP 연합뉴스)일론 머스크 테슬라 최고경영자(CEO)의 13번째 아이를 낳았다고 주장하는 여성이 머스크를 상대로 소송을 제기했다.미국 피플 매거진 등이 22일(현지시간) 보도한 바에 따르면 26세의 보수 성향 인플루언서 애슐리 세인트 클레어는 전날 뉴욕 법원에 아이의 아버지가 일론 머스크임을 확인하는 친자 확인 소송과 함께 양육권 소송을 제기했다.앞서 세인트 클레어는 지난 14일 사회관계망서비스(SNS) 엑스(X·옛 트위터)에 “나는 5개월 전 새로운 아기(아들)를 세상에 맞이했다”며 “일론 머스크가 아이 아버지”라고 밝혔다. 그러나 이후 머스크로부터 응답이 없자 소송에 나선 것으로 보인다. 세인트 클레어는 최근 엑스에 “일론, 우리는 지난 며칠 동안 연락을 취했지만 (당신은) 응답하지 않았다”고 전했다.세인트 클레어의 주장에 따르면 두 사람의 연인 관계는 2023년 5월 시작됐다. 또한 세인트 클레어는 두 사람의 문자 메시지 내용과 머스크가 흐릿하게 처리된 아기를 안고 있는 사진도 서류에 첨부했다. 세인트 클레어는 “머스크는 아기의 양육이나 돌봄에 전혀 관여하지 않았다”며 지금까지 단 세 번 아기를 만났다고 전했다.한편 머스크는 이전까지 12명의 자녀를 둔 것으로 알려져 있었다. 다만 첫 번째 자녀는 생후 10주만에 사망한 바 있다. 그는 첫 부인인 작가 저스틴 윌슨과 사이에서 5명, 두 번째 부인과 이혼한 뒤 교제한 가수 그라임스와의 사이에서 3명의 자녀를 뒀다. 또한 그가 설립한 뇌신경과학 스타트업 뉴럴링크의 여성 임원 시본 질리스와 3명의 자녀를 낳았다고 알려져 있다."
61,더 큰게 좋아…대형 SUV·픽업트럭 맞대결[트렌드경제],"전장 5m 길이 자랑하는 대형 SUV 큰 인기크고 강인한 픽업트럭도 경쟁 예고



아이오닉9. 현대차 제공국내에서 차박·캠핑 문화가 큰 인기를 끌면서 대형 스포츠유틸리티차량(SUV) 인기가 날이 갈수록 높아지자, 국내외 완성차 업계는 넓은 공간과 실용성을 무기로 한 차량을 앞다퉈 출시하고 있다. 비주류로 불리던 픽업트럭도 실용성이 재조명되면서 치열한 경쟁이 펼쳐질 것으로 보인다.◆5m 넘는 대형 SUV…차박도 두 다리 쭉 뻗고최근 내부 공간이 넓어 다양한 용도로 사용할 수 있는 SUV 차량에 대한 인기가 높아지고 있다. 10년 전 만해도 큰 SUV의 경우 경유차가 대부분이었으나, 최근에는 가솔린 기반 하이브리드나 전기차까지 등장하면서 연료비에 대한 부담은 줄이고, 친환경까지 챙길 수 있다는 이미지가 생기면서 큰 인기를 얻고 있다.현대차그룹은 최근 전동화 플래그십 SUV 모델 아이닉9을 출시했다. 아이오닉9은 E-GMP 기반의 대형 전동화 SUV로 동급 최고 수준의 실내 공간을 갖췄다. 또 전기차 특성상 보닛 아래 프렁크도 88ℓ에 달한다. 아이오닉 9의 크기는 전장 5천60㎜, 전폭 1천980㎜, 전고 1천790㎜다. 특히 전기차 특성상 축간거리(휠베이스·3천130㎜) 거리가 길어 넓은 실내 거주 공간을 확보했다.배터리 용량은 110.3킬로와트시(㎾h)로, 현대차 전기차 라인업 중 가장 긴 532㎞의 1회 충전 주행거리(19인치 휠 2WD복합 주행거리 기준)를 자랑한다.



디 올 뉴 LX 700h. 렉서스코리아 제공지난 17일부터 사전 계약에 들어간 렉서스코리아 '디 올 뉴 LX 700h'도 플래그십 대형 SUV이다. 디 올 뉴 LX 700h는 전장 5천100㎜, 휠베이스 2천850㎜에 달하는 렉서스의 대형 SUV다. 1951년 첫 출시한 랜드크루저와 TNGA-F 플랫폼을 비롯한 기본 설계를 공유하는 이 차량은 각종 험로에서도 거침없는 성능을 낸다. 또 700㎜ 수준 도강 능력은 물론 액티브 트랙션 컨트롤과 최대 2천400W 외부 전원도 제공한다.2018년 11월 출시 이후 지난해 말까지 전세계적으로 90만8천66대가 팔린 팰리세이드는 국내에서만 28만5천393대가 판매됐다. 현대차는 최근 완전 변경 모델 '디 올 뉴 팰리세이드'를 내놓으며 하이브리드 차량도 출시했다. 팰리세이드 5천60㎜의 전장과 휠베이스는 2천970㎜이다.



디 올 뉴 팰리세이드. 현대차 제공앞서 지난해 연말 아우디 코리아는 대형 프리미엄 SUV 더 뉴 아우디 Q7 부분 변경 모델을 출시했다. 전장 5천70㎜, 휄베이스 2천999㎜인 Q7은 아우디 SUV 가운데 가장 큰 모델이다. 포드도 '더 뉴 포드 익스플로러'를 앞세워 국내 시장 공략에 나섰고, 스텔란티스그룹 산하 지프도 부분변경을 거친 준대형 SUV '뉴 그랜드 체로키'도 올해 안에 한국 시장에 내놓을 계획이다.업계 관계자는 ""가족들과 함께 여가 활동을 즐기거나 짐을 싣는 등 다양한 용도로 차량을 활용하려는 사람들이 늘면서 큰 차량들에 대한 선호도가 높다""며 ""앞으로도 대형 SUV 인기는 더 이어질 것으로 보인다""고 말했다.◆픽업트럭 시장 경쟁 시작되나대형 SUV 시장뿐만 아니라 최근 기아가 출사표를 던진 픽업트럭 시장도 후끈 달아오르고 있다. 현재 국내 시장에서 픽업 트럭 시장의 판매량 비중인 1%도 채 되지 않을 정도지만, 완성차 업체들이 전력 싸움은 갈수록 치열해질 것으로 보인다.북미 시장의 경우 대륙을 가로지르는 픽업 트럭 인기가 높지만, 국내에선 여가 활동이나 캠핑 등을 할 때 사용하는 차량으로 시장이 크지는 않다. 실제로 지난해 국내 자동차 시장 전체 판매량 143만9천310대 중 픽업트럭 비중은 0.97%에 불과했다.



기아 타스만. 기아 제공카이즈유 데이터연구소에 따르면 국토교통부 신규 등록 자료를 분석한 결과, 최근 5년(2020~2024년) 동안 국내 픽업트럭 판매량은 매년 감소하고 있는 추세다. 연도별로는 ▷2020년 3만8천929대 ▷2021년 3만902대 ▷2022년 2만9천685대 ▷2023년 1만8천199대 ▷2024년 1만3천954대로 조사됐다.이처럼 판매량이 해마다 감소하는 가운데 완성차 업체들이 최근 픽업트럭 내외부를 승용차 수준으로 고급스럽게 만들어내면서 눈길을 끌고 있다.특히 4년 동안 기아는 독자 개발을 통해 탄생시킨 정통 픽업트럭 '타스만'을 출시했다. 타스만은 ▷싱글 데커 및 더블 데커 캐노피 ▷스포츠 바 ▷베드 커버 ▷슬라이딩 베드 ▷사이드 스텝 등 실용성을 고려한 다양한 정품 커스터마이징 상품을 제공한다.적재함(베드)은 길이 1천512㎜, 너비 1천572㎜(휠하우스 부분 1천186㎜), 높이 540㎜ 크기로 약 1천173ℓ의 공간을 확보했고, 최대 700㎏까지 실을 수 있다. 또 최대 3.5t까지 견인할 수 있다.KG모빌리티(KGM) 지난 1월 고객 니즈를 반영해 트림과 옵션을 재정비해 가격을 낮춘 대한민국 No.1 정통 픽업 '2025 렉스턴 스포츠＆칸'을 출시했다. KGM은 지난해 주력 모델인 렉스턴 스포츠와 칸을 1만2천231대를 팔며 국내 시장의 87.47% 점유율을 차지했다.업계 관계자는 ""픽업트럭의 경우 라이프스타일에 맞는 형태로 차량을 꾸미는 등 확장성이 큰 차량""이라며 ""다양한 소비자 요구를 충족할 수 있는 제품들이 등장하면서 시장이 확대될 것으로 보인다""고 말했다."
62,"삼성SDI, '인터배터리 2025' 참가…""각형이 답"" 강조한다","독자적 안전 기술 적용된 '각형' 집중 홍보전고체 배터리 개발 현황도 소개할 예정""차별화된 기술력으로 질적 개발 중""삼성SDI가 다음 달 열리는 배터리 전시회에 참가해 자사 각형 배터리를 집중적으로 홍보할 예정이다.삼성SDI는 오는 3월 5~7일 서울 강남구 코엑스에서 개최되는 국내 최대 규모 배터리 전시회 '인터배터리(Interbattery) 2025'에 참가해 '배터리 기술로 업그레이드되는 우리의 일상, 인셀리전트 라이프(InCelligent Life)'라는 주제로 다양한 차세대 배터리 제품과 혁신 기술을 선보인다. 산업통상자원부가 주최하고 한국배터리산업협회, 코엑스, 코트라 등이 공동 주관하는 '인터배터리 2025'는 지난 2013년 첫 개최 이후 올해 13회차를 맞는다. 올해는 역대 최대 규모인 640여 개사가 참가한다.



삼성SDI가 다음달 5일부터 7일까지 열리는 '인터배터리 2025'에 참가한다. 사진은 삼성SDI의 '인터배터리 2025' 부스 조감도. 사진제공=삼성SDI삼성SDI는 이번 전시회에서 최근 상품화 적용 검토를 완료한 '열 전파 차단(No TP·Thermal Propagation)' 기술 등을 선보이며 자사 각형 배터리의 차별화된 안전성을 집중적으로 홍보할 계획이다. 열 전파 차단 기술은 배터리 제품의 특정 셀에 문제가 발생했을 때 셀과 셀 사이에 적용된 안전 소재 등에 의해 다른 셀로 열이 전파되는 것을 물리적으로 막아주는 기술이다. 삼성SDI는 독자적인 열 전파 성능 예측 프로그램을 지니고 있어 제품 기획 단계에서부터 열 전파 방지를 위한 구조 설계가 가능하다.전고체 배터리의 개발 현황도 소개할 예정이다. 전고체 배터리는 고체 전해질을 사용해 화재 위험성이 낮고 주행 길이가 길다. 삼성SDI는 2027년에 이를 상용화하겠다는 목표를 그대로 유지한 채 차질 없이 진행하고 있다. 삼성SDI는 지난해 말 다수 고객에게 샘플을 공급해 평가를 진행한 데 이어 현재 다음 단계의 샘플을 준비하고 있다.삼성SDI는 실물 크기의 차량 하부구조 목업에 탑 터미널 각형 배터리와 사이드 터미널 각형 배터리를 탑재한 '셀 투 팩(Cell to Pack)' 컨셉 제품도 전시한다. 양극과 음극 단자가 상부에 위치한 탑 터미널 방식과 달리 사이드 터미널은 이를 측면에 배치해 에너지 밀도와 안전성을 높인다는 특징이 있다.삼성SDI 관계자는 ""삼성SDI는 지속해서 차별화된 기술력과 품질에 기반한 질적 성장을 위해 노력해왔다""며 ""이번 전시를 통해 배터리 기술로 업그레이드되는 우리의 일상과 그것을 가능하게 하는 배터리 기술 경쟁력을 확인할 수 있을 것""이라고 말했다."
63,'캐즘 돌파' 소형 전기차 승부수…2000만원대 경쟁 시작,"기아, 이번주 스페인서 EV4·EV2 콘셉트 공개폭스바겐 2000만원대 전기차 양산 준비테슬라, 소형 전기 해치백 모델Q 출시 앞둬中BYD, 가격 무기로 한국 등 해외 공략 속도 



기아 준중형 전기세단 EV4. 기아 제공  



기아의 소형 전기차 EV2 콘셉트 티저 이미지. 기아 제공 [파이낸셜뉴스]자동차 업체들이 앞다퉈 2000만~3000만원대 대중 전기차 모델 출시를 예고하고 있다. 전기차 캐즘(일시적 수요 정체)이 예상보다 장기화되면서, 중저가 전기차를 확대하는 방향으로 전략 수정에 나선 것으로 분석된다. 특히 국내 완성차 업체들은 진입 장벽이 높았던 대형 전기차에 대해서도 가격 인하를 단행하는 등 판매 회복을 위해 공격적인 행보에 나섰다.   23일 업계에 따르면 기아는 이번 주 스페인 타라고나에서 '2025 기아 EV 데이'를 열고 준중형 전기 세단 EV4와 소형 전기차 EV2 콘셉트 모델, 목적기반차량(PBV) PV5 등을 공개한다. 이 가운데 EV4와 EV2 콘셉트는 기아가 지난해 내놓은 소형 전기 스포츠유틸리티차(SUV) EV3에 이어 출시를 준비 중인 대중 전기차 모델이다.   EV3의 가격이 국내에서 보조금 포함 3000만원대로 구매가 가능한 만큼, EV4의 가격도 이와 유사한 수준으로 책정될 것으로 보인다. 기아의 전기차 차명은 영어 약자 'EV'(Electric Vehicle)에 숫자를 붙이는 형태인데, 차급이 크면 숫자도 커지는 방식이다. 이를 고려하면 유럽 시장을 겨냥해 개발 중인 EV2는 2000만원대로 구매가 가능한 수준까지 가격을 낮출 것으로 보인다. 앞서 현대차도 지난해 보조금 포함 2000만원대로 구매할 수 있는 소형 전기 SUV 캐스퍼 일렉트릭을 선보인 데 이어 올해는 아웃도어 요소를 가미한 캐스퍼 일렉트릭 크로스를 출시했다.   해외 업체들도 소형 전기차 출시에 속도를 내고 있다. 독일 폭스바겐은 2만유로(약 2990만원)대 소형 전기차 양산을 준비 중이다. 이에 앞서 폭스바겐은 소형 전기 SUV ID.2올 출시를 준비 중인데, 2만5000유로(약 3600만원)를 넘지 않는 수준으로 책정할 것으로 예상된다. 미국 테슬라도 이르면 올 상반기 소형 전기 해치백 모델Q(가칭)를 내놓는다. 모델3 보다 작은 차급의 전기차로 가격은 3만달러(약 4300만원) 수준으로 예상된다. 일본 혼다도 3만달러 이하의 전기차 출시를 준비 중이며, 제너럴 모터스(GM)도 3만달러를 넘지 않는 전기차 볼트 EV 연내 출시를 추진하고 있다.   국내 시장도 소형 전기차 중심으로 판매량이 늘어나는 추세다. 볼보자동차는 첫 소형 전기차 SUV EX30을 이달 공식 출시했는데, 초도물량 500대가 완판됐다. 중국 업체들의 공세도 본격화되고 있다. BYD는 지난 1월 한국 승용차 시장에 공식 진출하며 보조금 포함 2900만원 수준으로 구매할 수 전기 SUV 아토3를 출시했다. BYD는 올해 한국 시장에 실, 시라이언7 등의 전기차를 추가 투입한다. 국내 자동차 업계 관계자는 ""전기차 캐즘에 대응하기 위해 소형 전기차를 늘리는 측면도 있지만 빠르게 성장하고 있는 중국 업체들을 견제하기 위한 차원도 있다""고 말했다.   한편, 현대차·기아는 소형 전기차뿐만 아니라 대형 전기 SUV의 가격도 내리는 등 적극적인 행보를 이어가고 있다. 현대차는 신형 전기차 아이오닉9을 출시하면서 기본가격을 6000만원대로 낮췄다. 아이오닉9이 현대차가 내놓는 첫 플래그십 전기 SUV라는 점을 고려하면 공격적으로 가격을 책정했다는 평가다. 아울러 기아도 기존 EV9의 가격을 낮추고, 6000만원대 스탠다드 모델을 새롭게 출시했다."
64,"""떨어진다더니"" 영끌족 희망고문?…요지부동 4% 금리, 이유 있었다","은행 가감조정금리 및 은행 대출금리/그래픽=윤선정기준금리 인하에도 수개 월째 은행 대출금리가 연 4%대를 유지하고 있는 근본 원인은 '가감조정금리'로 불리는 영업점·본점 우대금리가1%포인트(P) 이상 대폭 축소된 영향으로 분석된다. 대출 원가에 해당하는 '조달금리'나 '가산금리'는 시차를 두고 떨어졌지만 은행이 경영전략 상 결정하는 우대금리를 절반 이상 축소해 대출금리를 높게 설정한 것이다. 지난해 4대 은행 이자이익이 34조원을 돌파하자 금융당국은 대출금리 인하 여력이 있는지 점검을 예고했다. ━조달금리·가산금리 떨어졌는데…가감조정금리(우대금리)만 '역주행'━23일 은행연합회 대출금리 공시에 따르면 분할상환 주택담보대출 신규취급액 기준으로 KB국민은행의 지난달 가감조정금리는 1.95%였다. 지난해 7월 3.22% 대비 1%포인트(P) 이상 낮다.  같은 기간 신한은행(2.02%→0.73%) 하나은행(3.32%→1.63%) 우리은행(3.08%→1.5%) 등 주요 은행의 모두 가감조정금리가 '반토막' 났다. 은행 대출금리는 '조달금리+가산금리-가감조정금리'로 결정되는데 가감조정금리는 영업점과 본점이 설정한 우대금리를 뜻한다. 급여 이체, 카드사용 등으로 개별 고객에 우대금리를 적용하기도 하지만 이보다는 본점 차원에서 우대금리를 얼마나 적용할지가 더 중요하다.KB국민은행의 우대금리가 1%포인트 이상 축소되면서 대출자가 부담하는 금리는 3.6%에서 4.28%로 인상됐다. 조달금리(3.58%→3.01%)와 가산금리(3.24%→3.22%)가 떨어졌지만 가감조정금리가 대폭 축소된 것이 결과적으로 대출금리 인상으로 귀결된 것이다. 한국은행이 지난해 10월 이후 기준금리를 두 차례 인하한 이후 은행 조달금리인  은행채 발행금리와 수신금리는 떨어졌다. 또 인건비·출연료·교육세·예상손실비용·목표 수익률 등이 감안된 가산금리도 지난달 일부 인하됐다. 같은 기간에 가감조정금리만 '역주행'한 것이다. ━""뚜렷한 산정기준 없다""…금융당국, 인하여력 점검━지난해 하반기 이후 가감조정금리가 대출금리 수준을 결정하는 중요 금리가 됐지만 뚜렷한 산정기준은 따로 없다. 은행권 관계자는 ""조달금리나 업무원가와 상관 없이 본점 차원에서 영업전략을 어떻게 짜냐에 따라 가감조정금리가 결정된다""며 ""은행 영업전략에 해당하기 때문에 금융당국도 관여하기 쉽지 않은 영역""이라고 말했다. 다만 한 금융당국 관계자는 ""은행들이 만약 연간 1조원을 벌겠다고 경영목표를 세웠다면 조달금리나 업무원가가 아니라 이같은 경영목표를 달성하기 위해 가감조정금리를 통해 대출금리 수준을 결정한다고 볼 수 있다""며 ""경영진의 단기실적주의가 대출금리를 결정하는 중요한 요인""이라고 지적했다. 금융당국은 은행들의 대출금리 인하여력이 있는지 점검을 예고했다. 4대 은행 기준 지난해 이자이익이 역대 최고 수준인 34조원을 돌파하자 ""기준금리 인하에도 불구, 은행들이 폭리를 취하고 있다""며 지난 18일 국회 정무위원회에서 질타가 이어져서다. 이에 김병환 금융위원장은 ""올해는 (기준금리 인하)시차가 어느 정도 지나서 신규대출 금리를 최소한 인하할 여력이 있다. 점검하겠다""고 밝혔다. 이복현 금융감독원장도 ""금리인하 효과가 시중금리까지 전달하는데 시차가 있다""며 ""소상공인·기업의 어려움을 잘 알고 있는 만큼 잘 참고해 반영하겠다""고 말했다."
